grapheme,phoneme,organized_grapheme,waw_o_exception_idx,silent_waw_idx,unwritten_A_phone_idx,spoken_A_grapheme_idx,is_variant,variant_num,variant_of_index
واترپولو,"('v', 'A', 't', 'e', 'r', 'p', 'o', 'l', 'o')",واتِرپولو,"5,7",,,,False,,
دولوکس,"('d', 'o', 'l', 'u', 'k', 's')",دولوکس,1,,,,False,,
شستشو‌‌دهنده,"('S', 'o', 's', 't', 'e', 'S', 'u', 'd', 'a', 'h', 'a', 'n', 'd', 'e')",شُستِشو‌‌دَهَندِه,,,,,False,,
جوشی,"('j', 'u', 'S', 'i')",جوشی,,,,,False,,
فولاد,"('f', 'u', 'l', 'A', 'd')",فولاد,,,,,False,,
اذهان,"('?', 'a', 'z', 'h', 'A', 'n')",اَذهان,,,,,False,,
گروگان,"('g', 'e', 'r', 'o', 'g', 'A', 'n')",گِروگان,2,,,,False,,
عوض,"('?', 'a', 'v', 'a', 'z')",عَوَض,,,,,False,,
هزارباغ,"('h', 'e', 'z', 'A', 'r', 'b', 'A', 'q')",هِزارباغ,,,,,False,,
منطقی,"('m', 'a', 'n', 't', 'e', 'q', 'i')",مَنطِقی,,,,,False,,
حیاتی,"('h', 'a', 'y', 'A', 't', 'i')",حَیاتی,,,,,False,,
بوراکس,"('b', 'o', 'r', 'A', 'k', 's')",بوراکس,1,,,,False,,
آریایی,"('?', 'A', 'r', 'i', 'y', 'A', '?', 'i')",آریایی,,,,4,False,,
هموژن,"('h', 'e', 'm', 'o', 'Z', 'e', 'n')",هِموژِن,2,,,,False,,
برزنگی,"('b', 'a', 'r', 'z', 'a', 'n', 'g', 'i')",بَرزَنگی,,,,,False,,
کاتورید,"('k', 'A', 't', 'o', 'r', 'i', 'd')",کاتورید,3,,,,False,,
پونز,"('p', 'u', 'n', 'e', 'z')",پونِز,,,,,False,,
گزینشی,"('g', 'o', 'z', 'i', 'n', 'e', 'S', 'i')",گُزینِشی,,,,,False,,
جنتی,"('j', 'a', 'n', 'n', 'a', 't', 'i')",جَنَّتی,,,,,False,,
مستمری‌بگیر,"('m', 'o', 's', 't', 'a', 'm', 'a', 'r', 'i', 'b', 'e', 'g', 'i', 'r')",مُستَمَری‌بِگیر,,,,,False,,
مسعودیه,"('m', 'a', 's', '?', 'u', 'd', 'i', 'y', 'y', 'e')",مَسعودیِّه,,,,,False,,
فریومد,"('f', 'a', 'r', 'y', 'u', 'm', 'a', 'd')",فَریومَد,,,,,False,,
فرادستی,"('f', 'a', 'r', 'A', 'd', 'a', 's', 't', 'i')",فَرادَستی,,,,,False,,
نیم‌ساعته,"('n', 'i', 'm', 's', 'A', '?', 'a', 't', 'e')",نیم‌ساعَتِه,,,,,False,,
پا‌به‌سن‌گذاشته,"('p', 'A', 'b', 'e', 's', 'e', 'n', 'g', 'o', 'z', 'A', 'S', 't', 'e')",پا‌بِه‌سِن‌گُذاشتِه,,,10,10,False,,
سی‌‌سوالی,"('s', 'i', 's', 'o', '?', 'A', 'l', 'i')",سی‌‌سواَلی,,,,,False,,
اشکل,"('?', 'e', 'S', 'k', 'e', 'l')",اِشکِل,,,,,False,,
دولتمرد,"('d', 'o', 'l', 'a', 't', 'm', 'a', 'r', 'd')",دولَتمَرد,1,,,,False,,
افسردگی,"('?', 'a', 'f', 's', 'o', 'r', 'd', 'e', 'g', 'i')",اَفسُردِگی,,,,,False,,
اسبچه,"('?', 'a', 's', 'b', 'C', 'e')",اَسبچِه,,,,,False,,
فرانشیز,"('f', 'e', 'r', 'A', 'n', 'S', 'i', 'z')",فِرانشیز,,,,,False,,
پورعرب,"('p', 'u', 'r', '?', 'a', 'r', 'a', 'b')",پورعَرَب,,,,,False,,
دو‌مفعولی,"('d', 'o', 'm', 'a', 'f', '?', 'u', 'l', 'i')",دو‌مَفعولی,1,,,,False,,
بریتانیا,"('b', 'e', 'r', 'i', 't', 'A', 'n', 'i', 'y', 'A')",بِریتانیا,,,9,,False,,
صدوق,"('s', 'a', 'd', 'u', 'q')",صَدوق,,,,,False,,
یگانه‌پور,"('y', 'e', 'g', 'A', 'n', 'e', 'p', 'u', 'r')",یِگانِه‌پور,,,,,False,,
صدرایی,"('s', 'a', 'd', 'r', 'A', 'y', 'i')",صَدرایی,,,,,False,,
سفارش,"('s', 'e', 'f', 'A', 'r', 'e', 'S')",سِفارِش,,,,,False,,
وسطین,"('v', 'a', 's', 'a', 't', 'e', 'y', 'n')",وَسَطِین,,,,,False,,
مطالعه‌یی,"('m', 'o', 't', 'A', 'l', 'e', '?', 'e', 'y', 'i')",مُطالِعِه‌یی,,,,,False,,
آلبرتینی,"('?', 'A', 'l', 'b', 'e', 'r', 't', 'i', 'n', 'i')",آلبِرتینی,,,,,False,,
آلیاژ,"('?', 'A', 'l', 'y', 'A', 'Z')",آلیاژ,,,,,False,,
آرزو,"('?', 'A', 'r', 'e', 'z', 'u')",آرِزو,,,,,False,,
ستم‌بار,"('s', 'e', 't', 'a', 'm', 'b', 'A', 'r', 'e')",سِتَم‌بارِ,,,,,False,,
عنتر,"('?', 'a', 'n', 't', 'a', 'r')",عَنتَر,,,,,False,,
متقاطع,"('m', 'o', 't', 'e', 'q', 'A', 't', 'e', '?')",مُتِقاطِع,,,,,False,,
مروه,"('m', 'a', 'r', 'v', 'e')",مَروِه,,,,,False,,
افیون,"('?', 'a', 'f', 'y', 'u', 'n')",اَفیون,,,,,False,,
تلافی‌جویانه,"('t', 'a', 'l', 'A', 'f', 'i', 'j', 'u', 'y', 'A', 'n', 'e')",تَلافی‌جویانِه,,,,,False,,
هم‌جهتی,"('h', 'a', 'm', 'j', 'a', 'h', 'a', 't', 'i')",هَم‌جَهَتی,,,,,False,,
دوگوشی,"('d', 'o', 'g', 'u', 'S', 'i')",دوگوشی,1,,,,False,,
کهنه‌‌شده,"('k', 'o', 'h', 'n', 'e', 'S', 'o', 'd', 'e')",کُهنِه‌‌شُدِه,,,,,False,,
جاسیگاری,"('j', 'A', 's', 'i', 'g', 'A', 'r', 'i')",جاسیگاری,,,,,False,,
صحیح,"('s', 'a', 'h', 'i', 'h')",صَحیح,,,,,False,,
صداخفه‌‌کن,"('s', 'e', 'd', 'A', 'x', 'a', 'f', 'e', 'k', 'o', 'n')",صِداخَفِه‌‌کُن,,,,,False,,
کویلی,"('k', 'o', 'y', 'l', 'i')",کویلی,1,,,,False,,
زیر‌برنامه‌,"('z', 'i', 'r', 'b', 'r', 'n', 'A', 'm', 'e')",زیر‌برنامِه‌,,,,,False,,
مرشد,"('m', 'o', 'r', 'S', 'e', 'd')",مُرشِد,,,,,False,,
ریکتزیا,"('r', 'i', 'k', 'e', 't', 'z', 'i', 'y', 'A')",ریکِتزیا,,,8,,False,,
دوغاب,"('d', 'u', 'q', 'A', 'b')",دوغاب,,,,,False,,
خرفت,"('x', 'e', 'r', 'e', 'f', 't')",خِرِفت,,,,,False,,
شهروز,"('S', 'a', 'h', 'r', 'u', 'z')",شَهروز,,,,,False,,
دربازکن,"('d', 'a', 'r', 'b', 'A', 'z', 'k', 'o', 'n')",دَربازکُن,,,,,False,,
موشک,"('m', 'u', 'S', 'a', 'k')",موشَک,,,,,False,,
سبقت,"('s', 'e', 'b', 'q', 'a', 't')",سِبقَت,,,,,False,,
تخته‌کلاه,"('t', 'a', 'x', 't', 'e', 'k', 'o', 'l', 'A')",تَختِه‌کُلاه,,,8,6,False,,
قاسم‌‌آبادی,"('q', 'A', 's', 'e', 'm', 'A', 'b', 'A', 'd', 'i')",قاسِم‌‌آبادی,,,,,False,,
سئول,"('s', 'e', '?', 'u', 'l')",سِئول,,,,,False,,
سگ‌خور,"('s', 'a', 'g', 'x', 'o', 'r')",سَگ‌خور,4,,,,False,,
سیمون,"('s', 'i', 'm', 'o', 'n')",سیمون,,,,,False,,
میترا,"('m', 'i', 't', 'r', 'A')",میترا,,,,,False,,
نومیدکننده,"('n', 'o', 'm', 'i', 'd', 'k', 'o', 'n', 'a', 'n', 'd', 'e')",نومیدکُنَندِه,1,,,,False,,
هایل,"('h', 'A', 'y', 'e', 'l')",هایِل,,,,,False,,
ماران,"('m', 'A', 'r', 'A', 'n')",ماران,,,,,False,,
دروغ‌سنج,"('d', 'u', 'r', 'u', 'q', 's', 'a', 'n', 'j')",دُروغ‌سَنج,,,,,False,,
زوائد,"('z', 'a', 'v', 'A', '?', 'e', 'd')",زَوائِد,,,,,False,,
فرهنگ‌‌سازی,"('f', 'a', 'r', 'h', 'a', 'n', 'g', 's', 'A', 'z', 'i')",فَرهَنگ‌‌سازی,,,,,False,,
بدرزاده,"('b', 'a', 'd', 'r', 'z', 'A', 'd', 'e')",بَدرزادِه,,,,,False,,
سیاه‌رود,"('s', 'i', 'y', 'A', 'h', 'r', 'u', 'd')",سیاه‌رود,,,3,3,False,,
ایسلند,"('?', 'i', 's', 'l', 'a', 'n', 'd')",ایسلَند,,,,,False,,
کاریز,"('k', 'A', 'r', 'i', 'z')",کاریز,,,,,False,,
صناعت,"('s', 'a', 'n', 'A', '?', 'a', 't')",صَناعَت,,,,,False,,
پتانسیل,"('p', 'o', 't', 'A', 'n', 's', 'i', 'y', 'e', 'l')",پُتانسیِل,,,,,False,,
بقلی,"('b', 'a', 'q', 'l', 'i')",بَقلی,,,,,False,,
حضرات,"('h', 'a', 'z', 'a', 'r', 'A', 't')",حَضَرات,,,,,False,,
گاورس,"('g', 'A', 'v', 'a', 'r', 's')",گاوَرس,,,,,False,,
حکیم‌باشی,"('h', 'a', 'k', 'i', 'm', 'b', 'A', 'S', 'i')",حَکیم‌باشی,,,,,False,,
کیموس,"('k', 'i', 'm', 'u', 's')",کیموس,,,,,False,,
تازه‌خریداری‌شده,"('t', 'A', 'z', 'e', 'x', 'a', 'r', 'i', 'd', 'A', 'r', 'i', 'S', 'o', 'd', 'e')",تازِه‌خَریداری‌شُدِه,,,,7,False,,
هوشمند,"('h', 'u', 'S', 'm', 'a', 'n', 'd')",هوشمَند,,,,,False,,
خرک,"('x', 'a', 'r', 'a', 'k')",خَرَک,,,,,False,,
تشکیکی,"('t', 'a', 'S', 'k', 'i', 'k', 'i')",تَشکیکی,,,,,False,,
ناروایی,"('n', 'A', 'r', 'a', 'v', 'A', 'y', 'i')",نارَوایی,,,,,False,,
آلفا‌هیدروکسی,"('?', 'A', 'l', 'f', 'A', 'h', 'i', 'd', 'r', 'o', 'k', 's', 'i')",آلفا‌هیدروکسی,9,,,,False,,
بزرگ‌شده,"('b', 'o', 'z', 'o', 'r', 'g', 'S', 'o', 'd', 'e')",بُزُرگ‌شُدِه,,,,,False,,
آسوده‌خاطر,"('?', 'A', 's', 'u', 'd', 'e', 'x', 'A', 't', 'e', 'r')",آسودِه‌خاطِر,,,7,6,False,,
الهی‌نامه,"('?', 'e', 'l', 'A', 'h', 'i', 'n', 'A', 'm', 'e')",اِلهی‌نامِه,,,3,2,False,,
جفتدار,"('j', 'o', 'f', 't', 'd', 'A', 'r')",جُفتدار,,,,,False,,
طوس,"('t', 'u', 's')",طوس,,,,,False,,
مطرود,"('m', 'a', 't', 'r', 'u', 'd')",مَطرود,,,,,False,,
کاسبکارانه,"('k', 'A', 's', 'e', 'b', 'k', 'A', 'r', 'A', 'n', 'e')",کاسِبکارانِه,,,,,False,,
استیلاگرانه,"('?', 'e', 's', 't', 'i', 'l', 'A', 'g', 'a', 'r', 'A', 'n', 'e')",اِستیلاگَرانِه,,,,,False,,
بهشت‌آباد,"('b', 'e', 'h', 'e', 'S', 't', 'A', 'b', 'A', 'd')",بِهِشت‌آباد,,,,,False,,
تیز‌چنگال,"('t', 'i', 'z', 'C', 'a', 'n', 'g', 'A', 'l')",تیز‌چَنگال,,,,,False,,
نادانی,"('n', 'A', 'd', 'A', 'n', 'i')",نادانی,,,,,False,,
قهوه‌‌چی,"('q', 'a', 'h', 'v', 'e', 'C', 'i')",قَهوِه‌‌چی,,,,,False,,
مائوری,"('m', 'A', '?', 'o', 'r', 'i')",مائوری,3,,,,False,,
مهرورزی,"('m', 'e', 'h', 'r', 'v', 'a', 'r', 'z', 'i')",مِهروَرزی,,,,,False,,
دانه‌دار,"('d', 'A', 'n', 'e', 'd', 'A', 'r')",دانِه‌دار,,,5,5,False,,
چهارمنطقه‌ای,"('C', 'A', 'h', 'A', 'r', 'm', 'a', 'n', 't', 'a', 'q', 'e', '?', 'i')",چهارمَنطَقِه‌ای,,,1,1,False,,
تصادم,"('t', 'a', 's', 'A', 'd', 'o', 'm')",تَصادُم,,,,,False,,
ملی‌گرایی,"('m', 'e', 'l', 'l', 'i', 'g', 'e', 'r', 'A', 'y', 'i')",مِلّی‌گِرایی,,,,,False,,
پوزیترون,"('p', 'o', 'z', 'i', 't', 'r', 'o', 'n')",پوزیترون,1,,,,False,,
رویاگونه,"('r', 'o', 'y', 'A', 'g', 'u', 'n', 'e')",رویاگونِه,1,,,,False,,
چند‌دارویی,"('C', 'a', 'n', 'd', 'd', 'A', 'r', 'u', 'y', 'i')",چَند‌داُرِویی,,,,,False,,
بی‌کله,"('b', 'i', 'k', 'a', 'l', 'l', 'e')",بی‌کَلِّه,,,,,False,,
نسرین,"('n', 'a', 's', 'r', 'i', 'n')",نَسرین,,,,,False,,
دوبرابری,"('d', 'o', 'b', 'a', 'r', 'A', 'b', 'a', 'r', 'i')",دوبَرابَری,1,,,,False,,
باقی‌پور,"('b', 'A', 'q', 'i', 'p', 'u', 'r')",باقی‌پور,,,,,False,,
پیشطاق,"('p', 'i', 'S', 't', 'A', 'q')",پیشطاق,,,,,False,,
عرضه‌داشت,"('?', 'a', 'r', 'z', 'e', 'd', 'A', 'S', 't')",عَرضِه‌داشت,,,6,5,False,,
سفر,"('s', 'a', 'f', 'a', 'r')",سَفَر,,,,,False,,
نعیم,"('n', 'a', '?', 'i', 'm')",نَعیم,,,,,False,,
تراش,"('t', 'a', 'r', 'A', 'S')",تَراش,,,,,False,,
اندیشه‌دار,"('?', 'a', 'n', 'd', 'i', 'S', 'e', 'd', 'A', 'r')",اَندیشِه‌دار,,,8,7,False,,
نازپرور,"('n', 'A', 'z', 'p', 'a', 'r', 'v', 'a', 'r')",نازپَروَر,,,,,False,,
طپانچه,"('t', 'a', 'p', 'A', 'n', 'C', 'e')",طَپانچِه,,,,,False,,
ترو,"('t', 'a', 'r', 'a', 'v')",تَرَو,,,,,False,,
کمدین,"('k', 'o', 'm', 'e', 'd', 'i', 'y', 'a', 'n')",کُمِدیَن,,,,,False,,
قلم‌‌خوردگی,"('q', 'a', 'l', 'a', 'm', 'x', 'o', 'r', 'd', 'e', 'g', 'i')",قَلَم‌‌خوردِگی,6,,,,False,,
انفجار‌گونه,"('?', 'e', 'n', 'f', 'e', 'j', 'A', 'r', 'g', 'u', 'n', 'e')",اِنفِجار‌گونِه,,,,,False,,
آب‌نبات,"('?', 'A', 'b', 'n', 'a', 'b', 'A', 't')",آب‌نَبات,,,,,False,,
درودزن,"('d', 'o', 'r', 'u', 'd', 'z', 'a', 'n')",دُرودزَن,,,,,False,,
تردید‌ناپذیر,"('t', 'a', 'r', 'd', 'i', 'd', 'n', 'A', 'p', 'a', 'z', 'i', 'r')",تَردید‌ناپَذیر,,,,,False,,
رسائل,"('r', 'a', 's', 'A', '?', 'e', 'l')",رَسائِل,,,,,False,,
ایمن,"('?', 'i', 'm', 'e', 'n')",ایمِن,,,,,False,,
گنج‌خانه,"('g', 'a', 'n', 'j', 'x', 'A', 'n', 'e')",گَنج‌خانِه,,,,,False,,
تبخیرکننده,"('t', 'a', 'b', 'x', 'i', 'r', 'k', 'o', 'n', 'a', 'n', 'd', 'e')",تَبخیرکُنَندِه,,,,,False,,
انسیکلوپدیست,"('?', 'a', 'n', 's', 'i', 'k', 'l', 'o', 'p', 'e', 'd', 'i', 's', 't')",اَنسیکلوپِدیست,,,,,False,,
سهیل,"('s', 'o', 'h', 'e', 'y', 'l')",سُهِیل,,,,,False,,
انوش‌آباد,"('?', 'a', 'n', 'u', 'S', 'A', 'b', 'A', 'd')",اَنوش‌آباد,,,,,False,,
برق‌گرفته,"('b', 'a', 'r', 'q', 'g', 'e', 'r', 'e', 'f', 't', 'e')",بَرق‌گِرِفتِه,,,,,False,,
بیخ‌گوشی,"('b', 'i', 'x', 'e', 'g', 'u', 'S', 'i')",بیخِ‌گوشی,,,,,False,,
مشکل‌ساز,"('m', 'o', 'S', 'k', 'e', 'l', 's', 'A', 'z')",مُشکِل‌ساز,,,,,False,,
پشت‌گلی,"('p', 'o', 'S', 't', 'g', 'o', 'l', 'i')",پُشت‌گُلی,,,,,False,,
تحمیل‌کننده,"('t', 'a', 'h', 'm', 'i', 'l', 'k', 'o', 'n', 'a', 'n', 'd', 'e')",تَحمیل‌کُنَندِه,,,,,False,,
مهیا‌کننده,"('m', 'o', 'h', 'a', 'y', 'y', 'A', 'k', 'o', 'n', 'a', 'n', 'd', 'e')",مُهَیا‌کُنَندِه,,,6,5,False,,
خائض,"('x', 'A', '?', 'e', 'z')",خائِض,,,,,False,,
مقرنس‌کاری,"('m', 'o', 'q', 'a', 'r', 'n', 'a', 's', 'k', 'A', 'r', 'i')",مُقَرنَس‌کاری,,,,,False,,
مستحیل,"('m', 'o', 's', 't', 'a', 'h', 'i', 'l')",مُستَحیل,,,,,False,,
فنوتیپ,"('f', 'e', 'n', 'o', 't', 'i', 'p')",فِنوتیپ,2,,,,False,,
کاکائو,"('k', 'A', 'k', 'A', 'o', 'y', 'e')",کاکُائو,,,,,False,,
به‌حقیقت,"('b', 'e', 'h', 'a', 'q', 'i', 'q', 'a', 't')",بِه‌حَقیقَت,,,,,False,,
قوام‌‌السلطنه,"('q', 'a', 'v', 'A', 'm', 'o', 's', 's', 'a', 'l', 't', 'a', 'n', 'e')",قَوام‌‌اُلسَّلطَنِه,,,,,False,,
قمرالملوک,"('q', 'a', 'm', 'a', 'r', 'o', 'l', 'm', 'u', 'l', 'u', 'k')",قَمَراُلمُلوک,,,,,False,,
اداره‌کننده,"('?', 'e', 'd', 'A', 'r', 'e', 'k', 'o', 'n', 'a', 'n', 'd', 'e')",اِدارِه‌کُنَندِه,,,,,False,,
پرکار,"('p', 'o', 'r', 'k', 'A', 'r')",پُرکار,,,,,False,,
قدر,"('q', 'a', 'd', 'a', 'r')",قَدَر,,,,,False,,
آذروش,"('?', 'A', 'z', 'a', 'r', 'v', 'a', 'S')",آذَروَش,,,,,False,,
اسپرفیت,"('?', 'e', 's', 'p', 'o', 'r', 'o', 'f', 'i', 't')",اِسپُرُفیت,,,,,False,,
مصنفات,"('m', 'o', 's', 'a', 'n', 'n', 'a', 'f', 'A', 't')",مُصَنَّفات,,,8,,False,,
دخترباز,"('d', 'o', 'x', 't', 'a', 'r', 'b', 'A', 'z')",دُختَرباز,,,,,False,,
خواستگاری,"('x', 'A', 's', 't', 'e', 'g', 'A', 'r', 'i')",خواستِگاری,,1,,,False,,
تمام‌رسمی,"('t', 'a', 'm', 'A', 'm', 'r', 'a', 's', 'm', 'i')",تَمام‌رَسمی,,,,,False,,
شقاقی,"('S', 'a', 'q', 'A', 'q', 'i')",شَقاقی,,,,,False,,
ایستا,"('?', 'i', 's', 't', 'A')",ایستا,,,,,False,,
شلپ,"('S', 'e', 'l', 'e', 'p')",شِلِپ,,,,,False,,
اکلیل‌کاری,"('?', 'a', 'k', 'l', 'i', 'l', 'k', 'A', 'r', 'i')",اَکلیل‌کاری,,,,,False,,
حور,"('h', 'u', 'r')",حور,,,,,False,,
گویچه,"('g', 'u', 'y', 'C', 'e')",گویچِه,,,,,False,,
حالاحالا,"('h', 'A', 'l', 'A', 'h', 'A', 'l', 'A')",حالاحالا,,,,,False,,
این‌جور,"('?', 'i', 'n', 'j', 'u', 'r')",این‌جور,,,,,False,,
تجزیه‌طلبانه,"('t', 'a', 'j', 'z', 'i', 'y', 'e', 't', 'a', 'l', 'a', 'b', 'A', 'n', 'e')",تَجزیِه‌طَلَبانِه,,,,,False,,
قاید,"('q', 'A', 'y', 'e', 'd')",قایِد,,,,,False,,
خوارزمشاه,"('x', 'A', 'r', 'a', 'z', 'm', 'S', 'A', 'h')",خوارَزمشاه,,1,,,False,,
والدین,"('v', 'A', 'l', 'e', 'd', 'i', 'n')",والِدین,,,,,False,,
کاجها,"('k', 'A', 'j', 'h', 'A')",کاجها,,,,,False,,
مزدور,"('m', 'o', 'z', 'd', 'u', 'r')",مُزدور,,,,,False,,
زلف,"('z', 'o', 'l', 'f')",زُلف,,,,,False,,
تخصیص,"('t', 'a', 'x', 's', 'i', 's')",تَخصیص,,,,,False,,
یوسف‌نیا,"('y', 'u', 's', 'e', 'f', 'n', 'i', 'y', 'A')",یوسِف‌نیا,,,8,,False,,
ملودرام,"('m', 'e', 'l', 'o', 'd', 'e', 'r', 'A', 'm')",مِلودِرام,2,,,,False,,
ظریف,"('z', 'a', 'r', 'i', 'f')",ظَریف,,,,,False,,
پ,"('p', 'e')",پِ,,,,,False,,
آدم‌سازی,"('?', 'A', 'd', 'a', 'm', 's', 'A', 'z', 'i')",آدَم‌سازی,,,,,False,,
النگ,"('?', 'a', 'l', 'a', 'n', 'g')",اَلَنگ,,,,,False,,
قبالجات,"('q', 'a', 'b', 'A', 'l', 'e', 'j', 'A', 't')",قَبالِجات,,,,,False,,
تریتیم,"('t', 'i', 'r', 'i', 't', 'i', 'y', 'o', 'm')",تِریتیُم,,,,,False,,
هنرباوری,"('h', 'o', 'n', 'a', 'r', 'b', 'A', 'v', 'a', 'r', 'i')",هُنَرباوَری,,,,,False,,
ماهرخ,"('m', 'A', 'h', 'r', 'o', 'x')",ماهرُخ,,,,,False,,
کارواش,"('k', 'A', 'r', 'v', 'A', 'S')",کارواش,,,,,False,,
شمسایی,"('S', 'a', 'm', 's', 'A', 'y', 'i')",شَمسایی,,,,,False,,
چکش‌خورده,"('C', 'a', 'k', 'k', 'o', 'S', 'x', 'o', 'r', 'd', 'e')",چَکُّش‌خوردِه,,,,,False,,
تفلون,"('t', 'e', 'f', 'l', 'o', 'n')",تِفلون,3,,,,False,,
اروپایی,"('?', 'o', 'r', 'u', 'p', 'A', 'y', 'i')",اُروپایی,,,,,False,,
آپلیکاتور,"('?', 'A', 'p', 'l', 'i', 'k', 'A', 't', 'o', 'r')",آپلیکاتور,7,,,,False,,
یک‌قلوزایی,"('y', 'e', 'k', 'q', 'u', 'l', 'u', 'z', 'A', 'y', 'i')",یِک‌قُلوزایی,,,,,False,,
زعفرانی,"('z', 'a', '?', 'f', 'e', 'r', 'A', 'n', 'i')",زَعفِرانی,,,,,False,,
نازنازی,"('n', 'A', 'z', 'n', 'A', 'z', 'i')",نازنازی,,,,,False,,
سی‌وسه‌پل,"('s', 'i', 'y', 'o', 's', 'e', 'p', 'o', 'l')",سی‌وسِه‌پُل,3,,,,False,,
گل‌محمدی,"('g', 'o', 'l', 'm', 'o', 'h', 'a', 'm', 'm', 'a', 'd', 'i')",گُل‌مُحَمَّدی,,,,,False,,
گرجی‌پور,"('g', 'o', 'r', 'j', 'i', 'p', 'u', 'r')",گُرجی‌پور,,,,,False,,
مسافات,"('m', 'a', 's', 'A', 'f', 'A', 't')",مَسافات,,,,,False,,
بی‌تن‌و‌تاب,"('b', 'i', 't', 'a', 'n', 'o', 't', 'A', 'b')",بی‌تَن‌و‌تاب,,,,,False,,
نشخوارکنندگان,"('n', 'o', 'S', 'x', 'A', 'r', 'k', 'o', 'n', 'a', 'n', 'd', 'e', 'g', 'A', 'n')",نُشخوارکُنَندِگان,,3,,,False,,
مصاحبه,"('m', 'o', 's', 'A', 'h', 'e', 'b', 'e')",مُصاحِبِه,,,,,False,,
مابه‌ازای,"('m', 'A', 'b', 'e', '?', 'e', 'z', 'A', 'y', 'e')",مابِه‌اِزایِ,,,7,6,False,,
غلامی,"('q', 'o', 'l', 'A', 'm', 'i')",غُلامی,,,,,False,,
تاقچه,"('t', 'A', 'q', 'C', 'e')",تاقچِه,,,,,False,,
معامله,"('m', 'o', '?', 'A', 'm', 'e', 'l', 'e')",مُعاَمِلِه,,,,,False,,
رفوگر,"('r', 'o', 'f', 'u', 'g', 'a', 'r')",رُفوگَر,,,,,False,,
شلوغ‌پلوغ,"('S', 'u', 'l', 'u', 'q', 'p', 'u', 'l', 'u', 'q')",شُلوغ‌پُلوغ,,,,,False,,
کم‌‌دیالوگ,"('k', 'a', 'm', 'd', 'i', 'y', 'A', 'l', 'o', 'g')",کَم‌‌دیالوگ,8,,6,7,False,,
مکاتبه‌ای,"('m', 'o', 'k', 'A', 't', 'e', 'b', 'e', '?', 'i')",مُکاتِبِه‌ای,,,,,False,,
لذات,"('l', 'e', 'z', 'z', 'A', 't')",لِذات,,,4,3,False,,
بهل,"('b', 'e', 'h', 'e', 'l')",بِهِل,,,,,False,,
بیمناک,"('b', 'i', 'm', 'n', 'A', 'k')",بیمناک,,,,,False,,
بی‌کسی,"('b', 'i', 'k', 'a', 's', 'i')",بی‌کَسی,,,,,False,,
آرتروز,"('?', 'A', 'r', 't', 'e', 'r', 'o', 'z')",آرتِروز,,,,,False,,
مباح,"('m', 'o', 'b', 'A', 'h')",مُباح,,,,,False,,
لهیب,"('l', 'a', 'h', 'i', 'b')",لَهیب,,,,,False,,
مروارید‌ساز,"('m', 'o', 'r', 'v', 'A', 'r', 'i', 'd', 's', 'A', 'z')",مُروارید‌ساز,,,,,False,,
ملانین,"('m', 'e', 'l', 'A', 'n', 'i', 'n')",مِلانین,,,,,False,,
فراگرفته‌‌شده,"('f', 'a', 'r', 'A', 'g', 'e', 'r', 'e', 'f', 't', 'e', 'S', 'o', 'd', 'e')",فَراگِرِفتِه‌‌شُدِه,,,,,False,,
سپور,"('s', 'u', 'p', 'u', 'r')",سُپور,,,,,False,,
پانسمان,"('p', 'A', 'n', 's', 'e', 'm', 'A', 'n')",پانسِمان,,,,,False,,
شهرکرد,"('S', 'a', 'h', 'r', 'e', 'k', 'o', 'r', 'd')",شَهرِکُرد,,,,,False,,
الکتروکاردیوگرام,"('?', 'e', 'l', 'e', 'k', 't', 'e', 'r', 'o', 'k', 'A', 'r', 'd', 'i', 'y', 'o', 'g', 'e', 'r', 'A', 'm')",اِلِکتِروکاردیوگِرام,"5,11",,,,False,,
مرقوم,"('m', 'a', 'r', 'q', 'u', 'm')",مَرقوم,,,,,False,,
عبدالظاهر,"('?', 'a', 'b', 'd', 'o', 'z', 'z', 'A', 'h', 'e', 'r')",عَبداُلظِاهر,,,7,5,False,,
بلایا,"('b', 'a', 'l', 'A', 'y', 'A')",بَلایا,,,,,False,,
محجر,"('m', 'a', 'h', 'j', 'a', 'r')",مَحجَر,,,,,False,,
مادام‌العمری,"('m', 'A', 'd', 'A', 'm', 'o', 'l', '?', 'o', 'm', 'r', 'i')",مادام‌اُلعُمری,,,,,False,,
خودسترونی,"('x', 'o', 'd', 's', 'e', 't', 'a', 'r', 'v', 'a', 'n', 'i')",خودسِتَروَنی,1,,,,False,,
فرابر,"('f', 'a', 'r', 'A', 'b', 'a', 'r')",فَرابَر,,,,,False,,
فلسفه‌‌گرا,"('f', 'a', 'l', 's', 'a', 'f', 'e', 'g', 'e', 'r', 'A')",فَلسَفِه‌‌گِرا,,,10,8,False,,
مترصد,"('m', 'o', 't', 'e', 'r', 'a', 's', 's', 'e', 'd')",مُتِرَصِّد,,,,,False,,
دفاعیات,"('d', 'e', 'f', 'A', '?', 'i', 'y', 'y', 'A', 't')",دِفاعیات,,,8,,False,,
مطالعاتی,"('m', 'o', 't', 'A', 'l', 'e', '?', 'A', 't', 'i')",مُطالِعاَتی,,,,,False,,
اسکاندیناوی,"('?', 'e', 's', 'k', 'A', 'n', 'd', 'i', 'n', 'A', 'v', 'i')",اِسکاندیناوی,,,,,False,,
ترقی,"('t', 'a', 'r', 'a', 'q', 'q', 'i')",تَرَقّی,,,,,False,,
گودرز,"('g', 'u', 'd', 'a', 'r', 'z')",گودَرز,,,,,False,,
هم‌قسم,"('h', 'a', 'm', 'q', 'e', 's', 'm')",هَم‌قِسم,,,,,False,,
الکتروآنسفالوگراف,"('?', 'e', 'l', 'e', 'k', 't', 'e', 'r', 'o', '?', 'A', 'n', 's', 'e', 'f', 'A', 'l', 'o', 'g', 'e', 'r', 'A', 'f')",اِلِکتِروآنسِفالوگِراف,5,,,,False,,
کودنی,"('k', 'o', 'u', 'd', 'a', 'n', 'i')",کُودَنی,1,,,,False,,
در‌نزد,"('d', 'a', 'r', 'n', 'a', 'z', 'd', 'e')",دَر‌نَزدِ,,,,,False,,
فاروئی,"('f', 'A', 'r', 'o', '?', 'i')",فاروئی,3,,,,False,,
غیر‌‌حقوق‌‌بگیر,"('q', 'e', 'y', 'r', 'e', 'h', 'u', 'q', 'u', 'q', 'b', 'e', 'g', 'i', 'r')",غِیرِ‌‌حُقوق‌‌بِگیر,,,,,False,,
رگ‌وریشه,"('r', 'a', 'g', 'o', 'r', 'i', 'S', 'e')",رَگ‌وریشِه,3,,,,False,,
فانتزی,"('f', 'A', 'n', 't', 'e', 'z', 'i')",فانتِزی,,,,,False,,
زق,"('z', 'o', 'q')",زُق,,,,,False,,
نگرفته,"('n', 'a', 'g', 'e', 'r', 'e', 'f', 't', 'e')",نَگِرِفتِه,,,,,False,,
عطارباشی,"('?', 'a', 't', 't', 'A', 'r', 'b', 'A', 'S', 'i')",عَطارباشی,,,4,3,False,,
سرفه‌کنان,"('s', 'o', 'r', 'f', 'e', 'k', 'o', 'n', 'A', 'n')",سُرفِه‌کُنان,,,8,6,False,,
ترشیده,"('t', 'o', 'r', 'S', 'i', 'd', 'e')",تُرشیدِه,,,,,False,,
الگوسازی,"('?', 'o', 'l', 'g', 'u', 's', 'A', 'z', 'i')",اُلگوسازی,,,,,False,,
عفیف,"('?', 'a', 'f', 'i', 'f')",عَفیف,,,,,False,,
یه‌راست,"('y', 'e', 'r', 'A', 's', 't')",یِه‌راست,,,3,3,False,,
منیعی,"('m', 'a', 'n', 'i', '?', 'i')",مَنیعی,,,,,False,,
اوتاوا,"('?', 'o', 't', 'A', 'v', 'A')",اوتاوا,1,,,,False,,
خردوخمیر,"('x', 'o', 'r', 'd', 'o', 'x', 'a', 'm', 'i', 'r')",خُردوخَمیر,3,,,,False,,
انجام‌پذیر,"('?', 'a', 'n', 'j', 'A', 'm', 'p', 'a', 'z', 'i', 'r')",اَنجام‌پَذیر,,,,,False,,
هپتان,"('h', 'e', 'p', 't', 'A', 'n')",هِپتان,,,,,False,,
پلوخوری,"('p', 'o', 'l', 'o', 'x', 'o', 'r', 'i')",پُلوخوری,"2,4",,,,False,,
نارسیده,"('n', 'A', 'r', 'e', 's', 'i', 'd', 'e')",نارِسیدِه,,,,,False,,
تمام‌شده,"('t', 'a', 'm', 'A', 'm', 'S', 'o', 'd', 'e')",تَمام‌شُدِه,,,,,False,,
صلبی,"('s', 'o', 'l', 'b', 'i')",صُلبی,,,,,False,,
حسرت,"('h', 'a', 's', 'r', 'a', 't')",حَسرَت,,,,,False,,
بخل,"('b', 'o', 'x', 'l')",بُخل,,,,,False,,
توحید,"('t', 'o', 'u', 'h', 'i', 'd')",تُوحید,1,,,,False,,
آشتی,"('?', 'A', 'S', 't', 'i')",آشتی,,,,,False,,
ارسطویی,"('?', 'A', 'r', 'a', 's', 't', 'u', 'y', 'i')",اَرَسطویی,,,,,False,,
اثرپذیری,"('?', 'a', 's', 'a', 'r', 'p', 'a', 'z', 'i', 'r', 'i')",اَثَرپَذیری,,,,,False,,
آبکوپیل,"('?', 'A', 'b', 'k', 'u', 'p', 'i', 'l')",آبکوپیل,,,,,False,,
جرقه‌خاموش‌کن,"('j', 'a', 'r', 'a', 'q', 'q', 'e', 'x', 'A', 'm', 'u', 'S', 'k', 'o', 'n')",جَرَقِّه‌خاموش‌کُن,,,,,False,,
تراس‌بندی,"('t', 'e', 'r', 'A', 's', 'b', 'a', 'n', 'd', 'i')",تِراس‌بَندی,,,,,False,,
دولت‌سازی,"('d', 'o', 'l', 'a', 't', 's', 'A', 'z', 'i')",دولَت‌سازی,1,,,,False,,
پشگ,"('p', 'e', 'S', 'g')",پِشگ,,,,,False,,
نمادی,"('n', 'a', 'm', 'A', 'd', 'i')",نَمادی,,,,,False,,
تولیدی,"('t', 'o', 'l', 'i', 'd', 'i')",تولیدی,1,,,,False,,
لیس,"('l', 'i', 's')",لیس,,,,,False,,
غیراتمی,"('q', 'e', 'y', 'r', 'e', '?', 'a', 't', 'o', 'm', 'i')",غِیرِاَتُمی,,,,,False,,
انیمیشنی,"('?', 'a', 'n', 'i', 'm', 'e', 'y', 'S', 'e', 'n', 'i')",اَنیمِیشِنی,,,,,False,,
صبح‌‌به‌‌خیر,"('s', 'o', 'b', 'h', 'b', 'e', 'x', 'e', 'y', 'r')",صُبح‌‌بِه‌‌خِیر,,,,,False,,
خلاند,"('x', 'a', 'l', 'A', 'n', 'd')",خَلاند,,,,,False,,
چهار‌مقاله,"('C', 'A', 'h', 'A', 'r', 'm', 'a', 'q', 'A', 'l', 'e')",چهار‌مَقالِه,,,1,1,False,,
بتولین,"('b', 'o', 't', 'o', 'l', 'i', 'n')",بُتولین,2,,,,False,,
کودن,"('k', 'o', 'd', 'a', 'n')",کودَن,1,,,,False,,
لحاظ,"('l', 'a', 'h', 'A', 'z')",لَحاظ,,,,,False,,
ترشح,"('t', 'a', 'r', 'a', 'S', 'S', 'o', 'h')",تَرَشُّح,,,,,False,,
غال,"('q', 'A', 'l')",غال,,,,,False,,
دیابت,"('d', 'i', 'y', 'A', 'b', 'e', 't')",دیابِت,,,3,3,False,,
خواب‌آور,"('x', 'A', 'b', 'A', 'v', 'a', 'r')",خواب‌آوَر,,1,,,False,,
نارنج,"('n', 'A', 'r', 'a', 'n', 'j')",نارَنج,,,,,False,,
دشتبان,"('d', 'a', 'S', 't', 'b', 'A', 'n')",دَشتبان,,,,,False,,
نصف‌العمر,"('n', 'e', 's', 'f', 'o', 'l', '?', 'o', 'm', 'r')",نِصف‌اُلعُمر,,,,,False,,
بینایی,"('b', 'i', 'n', 'A', 'y', 'i')",بینایی,,,,,False,,
کاهنه,"('k', 'A', 'h', 'e', 'n', 'e')",کاهِنِه,,,,,False,,
هم‌جبهه‌ای,"('h', 'a', 'm', 'j', 'e', 'b', 'h', 'e', '?', 'i')",هَم‌جِبهِه‌ای,,,,,False,,
سکنگبین,"('s', 'e', 'k', 'a', 'n', 'g', 'a', 'b', 'i', 'n')",سِکَنگَبین,,,,,False,,
ئیدرولیز,"('?', 'i', 'd', 'r', 'o', 'l', 'i', 'z')",ئیدرولیز,,,,,False,,
رقابت‌مندی,"('r', 'e', 'q', 'A', 'b', 'a', 't', 'm', 'a', 'n', 'd', 'i')",رِقابَت‌مَندی,,,,,False,,
نیک‌فرجام,"('n', 'i', 'k', 'f', 'a', 'r', 'j', 'A', 'm')",نیک‌فَرجام,,,,,False,,
اعمال,"('?', 'a', '?', 'm', 'A', 'l')",اعمال,,,,,False,,
ابوالوفا,"('?', 'a', 'b', 'o', 'l', 'v', 'a', 'f', 'A')",اَبوالَوفا,2,,8,6,False,,
مسکنت,"('m', 'a', 's', 'k', 'a', 'n', 'a', 't')",مَسکَنَت,,,,,False,,
گندم,"('g', 'a', 'n', 'd', 'o', 'm')",گَندُم,,,,,False,,
تاتی,"('t', 'A', 't', 'i')",تاتی,,,,,False,,
همسری,"('h', 'a', 'm', 's', 'a', 'r', 'i')",هَمسَری,,,,,False,,
گزن,"('g', 'a', 'z', 'a', 'n')",گَزَن,,,,,False,,
نهاوند‌شناسی,"('n', 'a', 'h', 'A', 'v', 'a', 'n', 'd', 'S', 'e', 'n', 'A', 's', 'i')",نَهاوَند‌شِناسی,,,,,False,,
یک‌خورده,"('y', 'e', 'k', 'x', 'o', 'r', 'd', 'e')",یِک‌خوردِه,4,,,,False,,
ملیت‌گرایی,"('m', 'e', 'l', 'l', 'i', 'y', 'y', 'a', 't', 'g', 'e', 'r', 'A', 'y', 'i')",مِلّیَّت‌گِرایی,,,,9,False,,
محمد‌جواد,"('m', 'o', 'h', 'a', 'm', 'm', 'a', 'd', 'j', 'a', 'v', 'A', 'd')",مُحَمَّد‌جَواد,,,11,,False,,
علی‌‌حده,"('?', 'a', 'l', 'A', 'h', 'e', 'd', 'd', 'e')",عَلی‌‌حِدِّه,,,,2,False,,
تاریخی‌گری,"('t', 'A', 'r', 'i', 'x', 'i', 'g', 'a', 'r', 'i')",تاریخی‌گَری,,,,,False,,
بسمه‌تعالی,"('b', 'e', 's', 'm', 'e', '?', 'i', 't', 'a', '?', 'A', 'l', 'A')",بِسمِه‌تِعَاَلی,,,12,9,False,,
قاعدگی,"('q', 'A', '?', 'e', 'd', 'e', 'g', 'i')",قاعِدِگی,,,,,False,,
استخوان‌دار,"('?', 'o', 's', 't', 'e', 'x', 'A', 'n', 'd', 'A', 'r')",اُستِخوان‌دار,,4,,,False,,
یکسان‌اندیش,"('y', 'e', 'k', 's', 'A', 'n', 'a', 'n', 'd', 'i', 'S')",یِکسان‌اَندیش,,,,,False,,
فواحش,"('f', 'a', 'v', 'A', 'h', 'e', 'S')",فَواحِش,,,,,False,,
لودیکول,"('l', 'u', 'd', 'i', 'k', 'u', 'l')",لودیکول,,,,,False,,
خودبخود,"('x', 'o', 'd', 'b', 'e', 'x', 'o', 'd')",خودبِخود,"1,5",,,,False,,
تاری‌خانه,"('t', 'A', 'r', 'i', 'x', 'A', 'n', 'e')",تاری‌خانِه,,,,,False,,
برزخ,"('b', 'a', 'r', 'z', 'a', 'x')",بَرزَخ,,,,,False,,
گوهر,"('g', 'o', 'h', 'a', 'r')",گوهَر,1,,,,False,,
یک‌حزبی,"('y', 'e', 'k', 'h', 'e', 'z', 'b', 'i')",یِک‌حِزبی,,,,,False,,
تهجد,"('t', 'a', 'h', 'a', 'j', 'j', 'o', 'd')",تَهَجُّد,,,,,False,,
یحیایی,"('y', 'a', 'h', 'y', 'A', 'y', 'i')",یَحیایی,,,,,False,,
در‌این‌راستا,"('d', 'a', 'r', 'i', 'n', 'r', 'A', 's', 't', 'A')",دَر‌این‌راستا,,,6,5,False,,
آمیزش,"('?', 'A', 'm', 'i', 'z', 'e', 'S')",آمیزِش,,,,,False,,
خریدکننده,"('x', 'a', 'r', 'i', 'd', 'k', 'o', 'n', 'a', 'n', 'd', 'e')",خَریدکُنَندِه,,,,,False,,
شتافت,"('S', 'e', 't', 'A', 'f', 't')",شِتافت,,,,,False,,
صندلی,"('s', 'a', 'n', 'd', 'a', 'l', 'i')",صَندَلی,,,,,False,,
ماشین‌سازی,"('m', 'A', 'S', 'i', 'n', 's', 'A', 'z', 'i')",ماشین‌سازی,,,,,False,,
تایید,"('t', 'A', 'y', 'i', 'd')",تایید,,,,,False,,
جانشین‌سازی,"('j', 'A', 'n', 'e', 'S', 'i', 'n', 's', 'A', 'z', 'i')",جانِشین‌سازی,,,,,False,,
تختال,"('t', 'a', 'x', 't', 'A', 'l')",تَختال,,,,,False,,
دست‌وپاشکسته,"('d', 'a', 's', 't', 'o', 'p', 'A', 'S', 'e', 'k', 'a', 's', 't', 'e')",دَست‌وپاشِکَستِه,4,,,,False,,
سرهم‌نویسی,"('s', 'a', 'r', 'h', 'a', 'm', 'n', 'e', 'v', 'i', 's', 'i')",سَرهَم‌نِویسی,,,,,False,,
اتکایی,"('?', 'e', 't', 't', 'e', 'k', 'A', 'y', 'i')",اِتِّکایی,,,,4,False,,
چکاننده,"('C', 'e', 'k', 'A', 'n', 'a', 'n', 'd', 'e')",چِکانَندِه,,,,,False,,
بلشویک,"('b', 'o', 'l', 'S', 'o', 'v', 'i', 'k')",بُلشویک,3,,,,False,,
ملامحمدی,"('m', 'o', 'l', 'l', 'A', 'm', 'o', 'h', 'a', 'm', 'm', 'a', 'd', 'i')",مُلامُحَمَّدی,,,4,3,False,,
فروساخت,"('f', 'u', 'r', 'u', 's', 'A', 'x', 't')",فُروساخت,,,,,False,,
علی‌اصغری,"('?', 'a', 'l', 'i', '?', 'a', 's', 'q', 'a', 'r', 'i')",عَلی‌اَصغَری,,,,,False,,
سترد,"('s', 'e', 't', 'o', 'r', 'd')",سِتُرد,,,,,False,,
آبششداران,"('?', 'A', 'b', 'S', 'o', 'S', 'd', 'A', 'r', 'A', 'n')",آبشُشداران,,,,,False,,
اتمسفر,"('?', 'a', 't', 'm', 'o', 's', 'f', 'e', 'r')",اَتمُسفِر,,,,,False,,
بالاسر,"('b', 'A', 'l', 'A', 's', 'a', 'r')",بالاسَر,,,,,False,,
گارسن,"('g', 'A', 'r', 's', 'o', 'n')",گارسُن,,,,,False,,
تعالیم,"('t', 'a', '?', 'A', 'l', 'i', 'm')",تَعاَلیم,,,,,False,,
اردستانی‌زاده,"('?', 'a', 'r', 'd', 'e', 's', 't', 'A', 'n', 'i', 'z', 'A', 'd', 'e')",اَردِستانی‌زادِه,,,,,False,,
نقش‌اندازی,"('n', 'a', 'q', 'S', 'a', 'n', 'd', 'A', 'z', 'i')",نَقش‌اَندازی,,,,,False,,
رزم‌آرا,"('r', 'a', 'z', 'm', 'A', 'r', 'A')",رَزم‌آرا,,,,,False,,
اقتصاد‌سنجی,"('?', 'e', 'q', 't', 'e', 's', 'A', 'd', 's', 'a', 'n', 'j', 'i')",اِقتِصاد‌سَنجی,,,,,False,,
دین‌فروشی,"('d', 'i', 'n', 'f', 'o', 'r', 'u', 'S', 'i')",دین‌فُروشی,,,,,False,,
برانگیخته,"('b', 'a', 'r', 'a', 'n', 'g', 'i', 'x', 't', 'e')",بَراَنگیختِه,,,,,False,,
عمر‌‌خیام,"('?', 'o', 'm', 'a', 'r', 'x', 'a', 'y', 'y', 'A', 'm')",عُمَر‌‌خَیام,,,9,8,False,,
هیستری,"('h', 'i', 's', 't', 'e', 'r', 'i')",هیستِری,,,,,False,,
امولسیون,"('?', 'e', 'm', 'o', 'l', 's', 'i', 'y', 'o', 'n')",اِمولسیون,"2,6",,,,False,,
آزیتا,"('?', 'A', 'z', 'i', 't', 'A')",آزیتا,,,,,False,,
یاس‌پراکنی,"('y', 'a', '?', 's', 'p', 'a', 'r', 'A', 'k', 'a', 'n', 'i')",یَاس‌پَراکَنی,,,7,8,False,,
مالامال,"('m', 'A', 'l', 'A', 'm', 'A', 'l')",مالامال,,,,,False,,
کربولیک‌اسید,"('k', 'a', 'r', 'b', 'o', 'l', 'i', 'k', 'a', 's', 'i', 'd')",کَربولیک‌اَسید,3,,,,False,,
کمک‌‌نقشه‌‌بردار,"('k', 'o', 'm', 'a', 'k', 'n', 'a', 'q', 'S', 'e', 'b', 'a', 'r', 'd', 'A', 'r')",کُمَک‌‌نَقشِه‌‌بَردار,,,14,13,False,,
فرخ‌‌نژاد,"('f', 'a', 'r', 'r', 'o', 'x', 'n', 'e', 'Z', 'A', 'd')",فَرُّخ‌‌نِژاد,,,9,8,False,,
قندسنج,"('q', 'a', 'n', 'd', 's', 'a', 'n', 'j')",قَندسَنج,,,,,False,,
درسخوان,"('d', 'a', 'r', 's', 'x', 'A', 'n')",دَرسخوان,,4,,,False,,
خشونت‌گرایی,"('x', 'o', 'S', 'u', 'n', 'a', 't', 'g', 'e', 'r', 'A', 'y', 'i')",خُشونَت‌گِرایی,,,,,False,,
اصلا,"('?', 'a', 's', 'l', 'a', 'n')",اَصلاَ,,,,,False,,
خردادی,"('x', 'o', 'r', 'd', 'A', 'd', 'i')",خُردادی,,,,,False,,
تغزل,"('t', 'a', 'q', 'a', 'z', 'z', 'o', 'l')",تَغَزُّل,,,,,False,,
نفخ,"('n', 'a', 'f', 'x')",نَفخ,,,,,False,,
سولفژ,"('s', 'o', 'l', 'f', 'e', 'Z')",سولفِژ,1,,,,False,,
سمعک,"('s', 'a', 'm', '?', 'a', 'k')",سَمعَک,,,,,False,,
پیشگام,"('p', 'i', 'S', 'g', 'A', 'm')",پیشگام,,,,,False,,
تخمین,"('t', 'a', 'x', 'm', 'i', 'n')",تَخمین,,,,,False,,
تفنگدار,"('t', 'o', 'f', 'a', 'n', 'g', 'd', 'A', 'r')",تُفَنگدار,,,,,False,,
چهار‌فصل,"('C', 'A', 'h', 'A', 'r', 'f', 'a', 's', 'l')",چهار‌فَصل,,,1,1,False,,
رحیم‌زاده,"('r', 'a', 'h', 'i', 'm', 'z', 'A', 'd', 'e')",رَحیم‌زادِه,,,,,False,,
پاغره,"('p', 'A', 'q', 'o', 'r', 'e')",پاغُرِه,,,,,False,,
عبرت‌‌آموزی,"('?', 'e', 'b', 'r', 'a', 't', 'A', 'm', 'u', 'z', 'i')",عِبرَت‌‌آموزی,,,,,False,,
بدسابقه,"('b', 'a', 'd', 's', 'A', 'b', 'e', 'q', 'e')",بَدسابِقِه,,,,,False,,
اسباب‌چینی,"('?', 'a', 's', 'b', 'A', 'b', 'C', 'i', 'n', 'i')",اَسباب‌چینی,,,,,False,,
گفتمان‌نویسی,"('g', 'o', 'f', 't', 'e', 'm', 'A', 'n', 'n', 'e', 'v', 'i', 's', 'i')",گُفتِمانِ‌نِویسی,,,,,False,,
گازوئیلی,"('g', 'A', 'z', 'o', '?', 'i', 'l', 'i')",گازوئیلی,3,,,,False,,
الحق,"('?', 'a', 'l', 'h', 'a', 'q')",اَلحَق,,,,,False,,
فضل‌‌ابن‌‌شاذان,"('f', 'a', 'z', 'l', 'e', 'b', 'n', 'e', 'S', 'A', 'z', 'A', 'n')",فَضلِ‌‌ابِن‌‌شاذان,,,9,10,False,,
عقابها,"('?', 'o', 'q', 'A', 'b', 'h', 'A')",عُقابها,,,,,False,,
والی,"('v', 'A', 'l', 'i')",والی,,,,,False,,
هشت‌ترک,"('h', 'a', 'S', 't', 't', 'a', 'r', 'k')",هَشتَ‌ترک,,,,,False,,
عتیق,"('?', 'a', 't', 'i', 'q')",عَتیق,,,,,False,,
عیار‌نامه,"('?', 'a', 'y', 'y', 'A', 'r', 'n', 'A', 'm', 'e')",عَیار‌نامِه,,,4,3,False,,
خشونت‌گر,"('x', 'o', 'S', 'u', 'n', 'a', 't', 'g', 'a', 'r')",خُشونَت‌گَر,,,,,False,,
کشتبان,"('k', 'e', 'S', 't', 'b', 'A', 'n')",کِشتبان,,,,,False,,
همرس,"('h', 'a', 'm', 'r', 'a', 's')",هَمرَس,,,,,False,,
بالاراسته,"('b', 'A', 'l', 'A', 'r', 'A', 's', 't', 'e')",بالاراستِه,,,,,False,,
تاریخ‌گرا,"('t', 'A', 'r', 'i', 'x', 'g', 'e', 'r', 'A')",تاریخ‌گِرا,,,,,False,,
نیمه‌هادی,"('n', 'i', 'm', 'e', 'h', 'A', 'd', 'i')",نیمِه‌هادی,,,5,5,False,,
دهقانی,"('d', 'e', 'h', 'q', 'A', 'n', 'i')",دِهقانی,,,,,False,,
تخریب,"('t', 'a', 'x', 'r', 'i', 'b')",تَخریب,,,,,False,,
سررشته‌داری,"('s', 'a', 'r', 'r', 'e', 'S', 't', 'e', 'd', 'A', 'r', 'i')",سَرِرشِته‌دِاری,,,9,7,False,,
غفلت,"('q', 'e', 'f', 'l', 'a', 't')",غِفلَت,,,,,False,,
بی‌مشتری,"('b', 'i', 'm', 'o', 'S', 't', 'a', 'r', 'i')",بی‌مُشتَری,,,,,False,,
اصولگرایانه,"('?', 'u', 's', 'u', 'l', 'g', 'e', 'r', 'A', 'y', 'A', 'n', 'e')",اُصولگِرایانِه,,,,,False,,
با‌آتیه,"('b', 'A', '?', 'A', 't', 'i', 'y', 'e')",با‌آتیِه,,,,,False,,
اسماعیلیان,"('?', 'e', 's', 'm', 'A', '?', 'i', 'l', 'i', 'y', 'A', 'n')",اِسماعیلیان,,,10,9,False,,
دوروبر,"('d', 'o', 'r', 'o', 'b', 'a', 'r')",دوروبَر,"1,3",,,,False,,
تاوان,"('t', 'A', 'v', 'A', 'n')",تاوان,,,,,False,,
تکشکل,"('t', 'a', 'k', 'S', 'e', 'k', 'l')",تَکشِکل,,,,,False,,
اغراق,"('?', 'e', 'q', 'r', 'A', 'q')",اِغراق,,,,,False,,
پرکین‌و‌آز,"('p', 'o', 'r', 'k', 'i', 'n', 'o', '?', 'A', 'z')",پُرکین‌و‌آز,,,,,False,,
پشک,"('p', 'e', 'S', 'k')",پِشک,,,,,False,,
مفرغ,"('m', 'e', 'f', 'r', 'a', 'q')",مِفرَغ,,,,,False,,
خوزه,"('x', 'o', 'z', 'e')",خوزِه,1,,,,False,,
سیب,"('s', 'i', 'b')",سیب,,,,,False,,
شوریده,"('S', 'u', 'r', 'i', 'd', 'e')",شوریدِه,,,,,False,,
ستون‌سازی,"('s', 'u', 't', 'u', 'n', 's', 'A', 'z', 'i')",سُتون‌سازی,,,,,False,,
الصاقی,"('?', 'e', 'l', 's', 'A', 'q', 'i')",اِلصاقی,,,,,False,,
چپگرد,"('C', 'a', 'p', 'g', 'a', 'r', 'd')",چَپگَرد,,,,,False,,
روستایی‌نشین,"('r', 'u', 's', 't', 'A', 'y', 'i', 'n', 'e', 'S', 'i', 'n')",روستایی‌نِشین,,,,,False,,
علامت‌‌دار,"('?', 'a', 'l', 'A', 'm', 'a', 't', 'd', 'A', 'r')",عَلامَت‌‌دار,,,,,False,,
نقدنامه,"('n', 'a', 'q', 'd', 'n', 'A', 'm', 'e')",نَقدنامِه,,,,,False,,
آقاخانی,"('?', 'A', 'q', 'A', 'x', 'A', 'n', 'i')",آقاخانی,,,,,False,,
مبارک‌باد,"('m', 'o', 'b', 'A', 'r', 'a', 'k', 'b', 'A', 'd')",مُبارَک‌باد,,,,,False,,
قطرات,"('q', 'a', 't', 'a', 'r', 'A', 't')",قَطَرات,,,,,False,,
تنوع‌گرایی,"('t', 'a', 'n', 'a', 'v', 'v', 'o', '?', 'g', 'e', 'r', 'A', 'y', 'i')",تَنَوُّع‌گِرایی,,,,8,False,,
سودجویی,"('s', 'u', 'd', 'j', 'u', 'y', 'i')",سودجویی,,,,,False,,
دموگرافیک,"('d', 'e', 'm', 'o', 'g', 'e', 'r', 'A', 'f', 'i', 'k')",دِموگِرافیک,2,,,,False,,
مهر‌آباد,"('m', 'e', 'h', 'r', 'A', 'b', 'A', 'd')",مِهر‌آباد,,,,,False,,
فتنه‌گر,"('f', 'e', 't', 'n', 'e', 'g', 'a', 'r')",فِتنِه‌گَر,,,,,False,,
مانع‌گذاری,"('m', 'A', 'n', 'e', '?', 'g', 'o', 'z', 'A', 'r', 'i')",مانِع‌گُذاری,,,,,False,,
پیتکانتروپ,"('p', 'i', 't', 'e', 'k', 'A', 'n', 't', 'e', 'r', 'o', 'p')",پیتِکانتِروپ,,,,,False,,
کم‌‌دانش,"('k', 'a', 'm', 'd', 'A', 'n', 'e', 'S')",کَم‌‌دانِش,,,,,False,,
نامگذاری,"('n', 'A', 'm', 'g', 'o', 'z', 'A', 'r', 'i')",نامگُذاری,,,,,False,,
هم‌اندیش,"('h', 'a', 'm', 'a', 'n', 'd', 'i', 'S')",هَم‌اَندیش,,,,,False,,
آشتیانی,"('?', 'A', 'S', 't', 'i', 'y', 'A', 'n', 'i')",آشتیانی,,,6,5,False,,
عرفات,"('?', 'a', 'r', 'a', 'f', 'A', 't')",عَرَفات,,,,,False,,
دمق,"('d', 'a', 'm', 'a', 'q')",دَمَق,,,,,False,,
پاروزنی,"('p', 'A', 'r', 'u', 'z', 'a', 'n', 'i')",پاروزَنی,,,,,False,,
خودساخته,"('x', 'o', 'd', 's', 'A', 'x', 't', 'e')",خودساختِه,1,,,,False,,
هست‌و‌نیست,"('h', 'a', 's', 't', 'o', 'n', 'i', 's', 't')",هَست‌و‌نیست,4,,,,False,,
سینک,"('s', 'i', 'n', 'k')",سینک,,,,,False,,
کلیمی,"('k', 'a', 'l', 'i', 'm', 'i')",کَلیمی,,,,,False,,
فروشگاهی,"('f', 'u', 'r', 'u', 'S', 'g', 'A', 'h', 'i')",فُروشگاهی,,,,,False,,
دیسکت,"('d', 'i', 's', 'k', 'e', 't')",دیسکِت,,,,,False,,
فراماسونری,"('f', 'e', 'r', 'A', 'm', 'A', 's', 'o', 'n', 'e', 'r', 'i')",فِراماسونِری,6,,,,False,,
دورریختنی,"('d', 'u', 'r', 'r', 'i', 'x', 't', 'a', 'n', 'i')",دورِریخِتنی,,,,,False,,
بی‌تغییر,"('b', 'i', 't', 'a', 'q', 'y', 'i', 'r')",بی‌تَغییر,,,,,False,,
بیت‌العرب,"('b', 'e', 'y', 't', 'o', 'l', '?', 'a', 'r', 'a', 'b')",بِیت‌اُلعَرَب,,,,,False,,
بر‌عهده,"('b', 'a', 'r', '?', 'o', 'h', 'd', 'e')",بَر‌عُهدِه,,,,,False,,
دلسرد,"('d', 'e', 'l', 's', 'a', 'r', 'd')",دِلسَرد,,,,,False,,
لیم,"('l', 'i', 'm')",لیم,,,,,False,,
مهدعلیا,"('m', 'a', 'h', 'd', 'e', '?', 'o', 'l', 'i', 'y', 'A')",مَهدِعُلیا,,,10,,False,,
سپیدار,"('s', 'e', 'p', 'i', 'd', 'A', 'r')",سِپیدار,,,,,False,,
طوارق,"('t', 'a', 'v', 'A', 'r', 'e', 'q')",طَوارِق,,,,,False,,
راهگشا,"('r', 'A', 'h', 'g', 'o', 'S', 'A')",راهگُشا,,,,,False,,
اعجاز,"('?', 'e', '?', 'j', 'A', 'z')",اِعجاز,,,,,False,,
کپرنشین,"('k', 'a', 'p', 'a', 'r', 'n', 'e', 'S', 'i', 'n')",کَپَرنِشین,,,,,False,,
مفتاح‌الحساب,"('m', 'e', 'f', 't', 'A', 'h', 'o', 'l', 'h', 'e', 's', 'A', 'b')",مِفتاح‌اُلحِساب,,,11,9,False,,
اعلیحضرتین,"('?', 'a', '?', 'l', 'A', 'h', 'a', 'z', 'r', 'a', 't', 'e', 'y', 'n')",اعلَیحَضرِتین,,,,3,False,,
ابراهیم‌پور,"('?', 'e', 'b', 'r', 'A', 'h', 'i', 'm', 'p', 'u', 'r')",اِبراهیم‌پور,,,,,False,,
واگذار‌کننده,"('v', 'A', 'g', 'o', 'z', 'A', 'r', 'k', 'o', 'n', 'a', 'n', 'd', 'e')",واگُذار‌کُنَندِه,,,,,False,,
بیانیه‌ای,"('b', 'a', 'y', 'A', 'n', 'i', 'y', 'y', 'e', '?', 'i')",بَیانیِّه‌ای,,,,,False,,
الاستومر,"('?', 'e', 'l', 'A', 's', 't', 'o', 'm', 'e', 'r')",اِلاستومِر,5,,,,False,,
هژبریان,"('h', 'o', 'Z', 'a', 'b', 'r', 'i', 'y', 'A', 'n')",هُژَبریان,,,8,6,False,,
شیر,"('S', 'i', 'r')",شیر,,,,,False,,
مقدم‌زاده,"('m', 'o', 'q', 'a', 'd', 'd', 'a', 'm', 'z', 'A', 'd', 'e')",مُقَدَّم‌زادِه,,,9,7,False,,
طنازی,"('t', 'a', 'n', 'n', 'A', 'z', 'i')",طَنازی,,,4,3,False,,
کاظم‌‌پور,"('k', 'A', 'z', 'e', 'm', 'p', 'u', 'r')",کاظِم‌‌پور,,,,,False,,
قدرتمند,"('q', 'o', 'd', 'r', 'a', 't', 'm', 'a', 'n', 'd')",قُدرَتمَند,,,,,False,,
از‌جان‌گذشته,"('?', 'a', 'z', 'j', 'A', 'n', 'g', 'o', 'z', 'a', 'S', 't', 'e')",اَز‌جان‌گُذَشتِه,,,,,False,,
زیبایی‌طلب,"('z', 'i', 'b', 'A', 'y', 'i', 't', 'a', 'l', 'a', 'b')",زیبایی‌طَلَب,,,,,False,,
ادارات‌کل,"('?', 'e', 'd', 'A', 'r', 'A', 't', 'e', 'k', 'o', 'l', 'l')",اِداراتِ‌کُل,,,,,False,,
رجیم,"('r', 'a', 'j', 'i', 'm')",رَجیم,,,,,False,,
مقدسی,"('m', 'o', 'q', 'a', 'd', 'd', 'a', 's', 'i')",مُقَدَّسی,,,,,False,,
عقیدتی,"('?', 'a', 'q', 'i', 'd', 'a', 't', 'i')",عَقیدَتی,,,,,False,,
آموزگار,"('?', 'A', 'm', 'u', 'z', 'e', 'g', 'A', 'r')",آموزِگار,,,,,False,,
لب‌بر,"('l', 'a', 'b', 'b', 'o', 'r')",لَبُ‌بر,,,,,False,,
کربلائی‌‌زاده,"('k', 'a', 'r', 'b', 'a', 'l', 'A', '?', 'i', 'z', 'A', 'd', 'e')",کَربَلائی‌‌زادِه,,,,,False,,
خیرآبادی,"('x', 'e', 'y', 'r', 'A', 'b', 'A', 'd', 'i')",خِیرآبادی,,,,,False,,
تابه‌حال,"('t', 'A', 'b', 'e', 'h', 'A', 'l')",تابِه‌حال,,,5,5,False,,
خفه‌کننده,"('x', 'a', 'f', 'e', 'k', 'o', 'n', 'a', 'n', 'd', 'e')",خَفِه‌کُنَندِه,,,,,False,,
خیار,"('x', 'i', 'y', 'A', 'r')",خیار,,,3,3,False,,
مستعمره‌سازی,"('m', 'o', 's', 't', 'a', '?', 'm', 'e', 'r', 'e', 's', 'A', 'z', 'i')",مُستَعمِرِه‌سازی,,,11,8,False,,
سکرتین,"('s', 'e', 'k', 'r', 'e', 't', 'i', 'n')",سِکرِتین,,,,,False,,
شیرینی‌‌سازی,"('S', 'i', 'r', 'i', 'n', 'i', 's', 'A', 'z', 'i')",شیرینی‌‌سازی,,,,,False,,
آزما,"('?', 'A', 'z', 'm', 'A')",آزما,,,,,False,,
ننه,"('n', 'a', 'n', 'e', 'h')",نَنِه,,,,,False,,
پنج‌بعدی,"('p', 'a', 'n', 'j', 'b', 'o', '?', 'd', 'i')",پَنج‌بُعدی,,,,,False,,
پایی,"('p', 'A', 'y', 'i')",پایی,,,,,False,,
اسماعیل‌آباد,"('?', 'e', 's', 'm', 'A', '?', 'i', 'l', 'A', 'b', 'A', 'd')",اِسماعیل‌آباد,,,,,False,,
آمبولانس,"('?', 'A', 'm', 'b', 'o', 'l', 'A', 'n', 's')",آمبولانس,,,,,False,,
تشعشعی,"('t', 'a', 'S', 'a', '?', 'S', 'o', '?', 'i')",تَشَعشُعی,,,,,False,,
باستان,"('b', 'A', 's', 't', 'A', 'n')",باستان,,,,,False,,
زیاد,"('z', 'i', 'y', 'A', 'd')",زیاد,,,3,3,False,,
فریدهاشمی,"('f', 'a', 'r', 'i', 'd', 'h', 'A', 'S', 'e', 'm', 'i')",فَریدهاشِمی,,,,,False,,
استونی,"('?', 'e', 's', 't', 'o', 'n', 'i')",اِستونی,3,,,,False,,
گلشنی,"('g', 'o', 'l', 'S', 'a', 'n', 'i')",گُلشَنی,,,,,False,,
سربه‌تو,"('s', 'a', 'r', 'b', 'e', 't', 'u')",سَربِه‌تو,,,,,False,,
میکانیکی,"('m', 'i', 'k', 'A', 'n', 'i', 'k', 'i')",میکانیکی,,,,,False,,
کرم,"('k', 'e', 'r', 'e', 'm')",کِرِم,,,,,False,,
روز‌افزون,"('r', 'u', 'z', 'a', 'f', 'z', 'u', 'n')",روز‌اَفزون,,,,,False,,
شهزادی,"('S', 'a', 'h', 'z', 'A', 'd', 'i')",شَهزادی,,,,,False,,
شمارگان,"('S', 'o', 'm', 'A', 'r', 'g', 'A', 'n')",شُمارگان,,,,,False,,
سرمنشا,"('s', 'a', 'r', 'm', 'a', 'n', 'S', 'a', '?')",سَرمَنشَا,,,,,False,,
ملامحسن,"('m', 'o', 'l', 'l', 'A', 'm', 'o', 'h', 's', 'e', 'y')",مُلامُحسنِ,,,4,3,False,,
فارماکولژی,"('f', 'A', 'r', 'm', 'A', 'k', 'o', 'l', 'o', 'Z', 'i')",فارماکولُژی,6,,,,False,,
معراج‌نامه,"('m', 'e', '?', 'r', 'A', 'j', 'n', 'A', 'm', 'e')",مِعراج‌نامِه,,,,,False,,
در‌سر,"('d', 'a', 'r', 's', 'a', 'r', 'e')",دَر‌سَرِ,,,,,False,,
تامل‌برانگیزی,"('t', 'a', '?', 'a', 'm', 'm', 'o', 'l', 'b', 'a', 'r', 'a', 'n', 'g', 'i', 'z', 'i')",تَاَمُّل‌بَراَنگیزی,,,,,False,,
برآورد‌شده,"('b', 'a', 'r', 'A', 'v', 'a', 'r', 'd', 'e', 'S', 'o', 'd', 'e')",بَرآوَردِ‌شُدِه,,,,,False,,
دو‌پارچه,"('d', 'o', 'p', 'A', 'r', 'C', 'e')",دو‌پارچِه,1,,,,False,,
کاشکل,"('k', 'A', 'S', 'k', 'o', 'l')",کاشکُل,,,,,False,,
تغذیه‌ای,"('t', 'a', 'q', 'z', 'i', 'y', 'e', '?', 'i')",تَغذیِه‌ای,,,,,False,,
مویید,"('m', 'u', 'y', 'i', 'd')",مویید,,,,,False,,
کبوترخانه,"('k', 'a', 'b', 'u', 't', 'a', 'r', 'x', 'A', 'n', 'e')",کَبوتَرخانِه,,,,,False,,
اکید,"('?', 'a', 'k', 'i', 'd')",اَکید,,,,,False,,
کوته‌‌آستین,"('k', 'u', 't', 'a', 'h', '?', 'A', 's', 't', 'i', 'n')",کوتَه‌‌آستین,,,,,False,,
خفت‌آور,"('x', 'e', 'f', 'f', 'a', 't', 'A', 'v', 'a', 'r')",خِفَّت‌آوَر,,,6,6,False,,
تلمذ,"('t', 'a', 'l', 'a', 'm', 'm', 'o', 'z')",تَلَمُّذ,,,,,False,,
بر‌اثر,"('b', 'a', 'r', '?', 'a', 's', 'a', 'r', 'e')",بَر‌اَثَرِ,,,,,False,,
میاندورود,"('m', 'i', 'y', 'A', 'n', 'd', 'o', 'r', 'u', 'd')",میاندورود,5,,3,3,False,,
موصوف,"('m', 'o', 's', 'u', 'f')",موصوف,1,,,,False,,
دفینه,"('d', 'a', 'f', 'i', 'n', 'e')",دَفینِه,,,,,False,,
لژیون,"('l', 'e', 'Z', 'i', 'y', 'u', 'n')",لِژیون,,,,,False,,
پانامایی,"('p', 'A', 'n', 'A', 'm', 'A', 'y', 'i')",پانامایی,,,,,False,,
وفا,"('v', 'a', 'f', 'A')",وَفا,,,,,False,,
کنشی,"('k', 'o', 'n', 'e', 'S', 'i')",کُنِشی,,,,,False,,
جدیدالاحداث,"('j', 'a', 'd', 'i', 'd', 'o', 'l', '?', 'e', 'h', 'd', 'A', 's')",جَدیداُلاِحداث,,,11,8,False,,
قیافه‌‌شناسی,"('q', 'i', 'y', 'A', 'f', 'e', 'S', 'e', 'n', 'A', 's', 'i')",قیافِه‌‌شِناسی,,,"3,9","3,8",False,,
فرستاده,"('f', 'e', 'r', 'e', 's', 't', 'A', 'd', 'e')",فِرِستادِه,,,,,False,,
غیرکارتونی,"('q', 'e', 'y', 'r', 'e', 'k', 'A', 'r', 't', 'o', 'n', 'i')",غِیرِکارتونی,7,,,,False,,
ماهان,"('m', 'A', 'h', 'A', 'n')",ماهان,,,,,False,,
بوفالو,"('b', 'u', 'f', 'A', 'l', 'o')",بوفالو,,,,,False,,
برکش,"('b', 'a', 'r', 'k', 'e', 'S')",بَرکِش,,,,,False,,
میکرب‌شناسی,"('m', 'i', 'k', 'r', 'o', 'b', 'S', 'e', 'n', 'A', 's', 'i')",میکرُب‌شِناسی,,,,,False,,
بی‌سلاح,"('b', 'i', 's', 'e', 'l', 'A', 'h')",بی‌سِلاح,,,,,False,,
قطع‌‌نامه,"('q', 'a', 't', '?', 'n', 'A', 'm', 'e')",قَطع‌‌نامِه,,,,,False,,
جا‌روب,"('j', 'A', 'r', 'u', 'b')",جا‌روب,,,,,False,,
رفیعی‌پور,"('r', 'a', 'f', 'i', '?', 'i', 'p', 'u', 'r')",رَفیعی‌پور,,,,,False,,
بابابزرگ,"('b', 'A', 'b', 'A', 'b', 'o', 'z', 'o', 'r', 'g')",بابابُزُرگ,,,,,False,,
خوشحالی,"('x', 'o', 'S', 'h', 'A', 'l', 'i')",خوشحالی,1,,,,False,,
ژانت,"('Z', 'A', 'n', 'e', 't')",ژانِت,,,,,False,,
مرشدیان,"('m', 'o', 'r', 'S', 'e', 'd', 'i', 'y', 'A', 'n')",مُرشِدیان,,,8,6,False,,
تمیستوکلس,"('t', 'e', 'm', 'i', 's', 't', 'o', 'k', 'e', 'l', 's')",تِمیستوکِلس,,,,,False,,
ایلجار,"('?', 'i', 'l', 'j', 'A', 'r')",ایلجار,,,,,False,,
عمود‌‌پرواز,"('?', 'a', 'm', 'u', 'd', 'p', 'a', 'r', 'v', 'A', 'z')",عَمود‌‌پَرواز,,,,,False,,
اومانیست,"('?', 'u', 'm', 'A', 'n', 'i', 's', 't')",اومانیست,,,,,False,,
دریبل,"('d', 'i', 'r', 'i', 'b', 'l')",دِریبل,,,,,False,,
فارماکولژیک,"('f', 'A', 'r', 'm', 'A', 'k', 'o', 'l', 'o', 'Z', 'i', 'k')",فارماکولُژیک,6,,,,False,,
کشت‌پور,"('k', 'e', 'S', 't', 'p', 'u', 'r')",کِشت‌پور,,,,,False,,
چنگیز,"('C', 'a', 'n', 'g', 'i', 'z')",چَنگیز,,,,,False,,
دژبانی,"('d', 'e', 'Z', 'b', 'A', 'n', 'i')",دِژبانی,,,,,False,,
آب‌خوری,"('?', 'A', 'b', 'x', 'o', 'r', 'i')",آب‌خوری,,,,,False,,
دریوزه,"('d', 'a', 'r', 'y', 'u', 'z', 'e')",دَریوزِه,,,,,False,,
معین‌فر,"('m', 'o', '?', 'i', 'n', 'f', 'a', 'r')",مُعین‌فَر,,,,,False,,
کسب,"('k', 'a', 's', 'b')",کَسب,,,,,False,,
دوائر,"('d', 'a', 'v', 'A', '?', 'e', 'r')",دَوائِر,,,,,False,,
آبسال,"('?', 'A', 'b', 's', 'A', 'l')",آبسال,,,,,False,,
اسرا,"('?', 'o', 's', 'a', 'r', 'A')",اُسَرا,,,,,False,,
حسی,"('h', 'e', 's', 's', 'i')",حِسّی,,,,,False,,
مسکینی,"('m', 'e', 's', 'k', 'i', 'n', 'i')",مِسکینی,,,,,False,,
بازوفیلی,"('b', 'A', 'z', 'o', 'f', 'i', 'l', 'i')",بازوفیلی,3,,,,False,,
چند‌میلی‌متری,"('?', 'a', 'n', 'd', 'm', 'i', 'l', 'i', 'm', 'e', 't', 'r', 'i')",چَند‌میلی‌مِتری,,,,,False,,
مجار,"('m', 'a', 'j', 'A', 'r')",مَجار,,,,,False,,
اتصال‌دهنده,"('?', 'e', 't', 't', 'e', 's', 'A', 'l', 'd', 'a', 'h', 'a', 'n', 'd', 'e')",اِتِّصال‌دَهَندِه,,,6,4,False,,
به‌جد,"('b', 'e', 'j', 'e', 'd', 'd')",بِه‌جِد,,,,,False,,
فلس,"('f', 'a', 'l', 's')",فَلس,,,,,False,,
دم‌اسبی,"('d', 'o', 'm', 'a', 's', 'b', 'i')",دُم‌اَسبی,,,,,False,,
نشین,"('n', 'e', 'S', 'i', 'n')",نِشین,,,,,False,,
کتب,"('k', 'o', 't', 'o', 'b')",کُتُب,,,,,False,,
غدیر,"('q', 'a', 'd', 'i', 'r')",غَدیر,,,,,False,,
پیک‌نیک,"('p', 'i', 'k', 'n', 'i', 'k')",پیک‌نیک,,,,,False,,
جت‌مانند,"('j', 'e', 't', 'm', 'A', 'n', 'a', 'n', 'd')",جِت‌مانَند,,,,,False,,
شایعه‌‌سازی,"('S', 'A', 'y', 'e', '?', 'e', 's', 'A', 'z', 'i')",شایِعِه‌‌سازی,,,7,7,False,,
آویخته,"('?', 'A', 'v', 'i', 'x', 't', 'e')",آویختِه,,,,,False,,
حجج,"('h', 'o', 'j', 'a', 'j')",حُجَج,,,,,False,,
بازرس,"('b', 'A', 'z', 'r', 'a', 's')",بازرَس,,,,,False,,
بزرگنمائی,"('b', 'o', 'z', 'o', 'r', 'g', 'n', 'a', 'm', 'A', '?', 'i')",بُزُرگنَمائی,,,,,False,,
به‌شوخی,"('b', 'e', 'S', 'u', 'x', 'i')",بِه‌شوخی,,,,,False,,
غرب‌‌گرا,"('q', 'a', 'r', 'b', 'g', 'e', 'r', 'A')",غَرب‌‌گِرا,,,,,False,,
تابعیت,"('t', 'A', 'b', 'e', '?', 'i', 'y', 'y', 'a', 't')",تابِعیَّت,,,,,False,,
نمرود,"('n', 'a', 'm', 'r', 'u', 'd')",نَمرود,,,,,False,,
خوانده,"('x', 'A', 'n', 'd', 'e')",خواندِه,,1,,,False,,
نقد,"('n', 'a', 'q', 'd')",نَقد,,,,,False,,
ماتم‌سرا,"('m', 'A', 't', 'a', 'm', 's', 'a', 'r', 'A')",ماتَم‌سَرا,,,,,False,,
سپید‌دندان,"('s', 'e', 'p', 'i', 'd', 'd', 'a', 'n', 'd', 'A', 'n')",سِپیدَ‌دندان,,,,,False,,
انرژیک,"('?', 'e', 'n', 'e', 'r', 'Z', 'i', 'k')",اِنِرژیک,,,,,False,,
اسهالی,"('?', 'e', 's', 'h', 'A', 'l', 'i')",اِسهالی,,,,,False,,
جهمندی,"('j', 'a', 'h', 'm', 'a', 'n', 'd', 'i')",جَهمَندی,,,,,False,,
اردوباد,"('?', 'o', 'r', 'd', 'o', 'b', 'A', 'd')",اُردوباد,3,,,,False,,
عزت‌‌مند,"('?', 'e', 'z', 'z', 'a', 't', 'm', 'a', 'n', 'd')",عِزَّت‌‌مَند,,,,,False,,
امه,"('?', 'o', 'm', 'm', 'e')",اُمِّه,,,,,False,,
بریتیش,"('b', 'e', 'r', 'i', 't', 'i', 'S')",بِریتیش,,,,,False,,
قابل‌‌تفکیک,"('q', 'A', 'b', 'e', 'l', 'e', 't', 'a', 'f', 'k', 'i', 'k')",قابِلِ‌‌تَفکیک,,,,,False,,
لوطی,"('l', 'u', 't', 'i')",لوطی,,,,,False,,
شتر,"('S', 'o', 't', 'o', 'r')",شُتُر,,,,,False,,
ایمنی,"('?', 'i', 'm', 'e', 'n', 'i')",ایمِنی,,,,,False,,
هم‌افق,"('h', 'a', 'm', 'o', 'f', 'o', 'q')",هَم‌اُفُق,,,,,False,,
برافروزنده,"('b', 'a', 'r', 'a', 'f', 'r', 'u', 'z', 'a', 'n', 'd', 'e')",بَراَفروزَندِه,,,,,False,,
غفوریان,"('q', 'a', 'f', 'u', 'r', 'i', 'y', 'A', 'n')",غَفوریان,,,7,6,False,,
قالیشویی,"('q', 'A', 'l', 'i', 'S', 'u', 'y', 'i')",قالیشویی,,,,,False,,
شاد‌‌آباد,"('S', 'A', 'd', 'A', 'b', 'A', 'd')",شاد‌‌آباد,,,,,False,,
همسرگزینی,"('h', 'a', 'm', 's', 'a', 'r', 'g', 'o', 'z', 'i', 'n', 'i')",هَمسَرگُزینی,,,,,False,,
تهذیبی,"('t', 'a', 'h', 'z', 'i', 'b', 'i')",تَهذیبی,,,,,False,,
گچساران,"('g', 'a', 'C', 's', 'A', 'r', 'A', 'n')",گَچساران,,,,,False,,
تخته‌ای,"('t', 'a', 'x', 't', 'e', '?', 'i')",تَختِه‌ای,,,,,False,,
یزید‌بن‌معاویه,"('y', 'a', 'z', 'i', 'd', 'e', 'b', 'n', 'e', 'm', 'o', '?', 'A', 'v', 'i', 'y', 'e')",یَزیدِ‌بنِ‌مُعاَویِه,,,,,False,,
احداث‌شده,"('?', 'e', 'h', 'd', 'A', 's', 'S', 'o', 'd', 'e')",اِحداث‌شُدِه,,,,,False,,
یاسی,"('y', 'A', 's', 'i')",یاسی,,,,,False,,
الصالح,"('?', 'a', 's', 's', 'A', 'l', 'e', 'h')",اَلصِالح,,,,,False,,
جورج,"('j', 'o', 'r', 'j')",جورج,1,,,,False,,
نمره‌ای,"('n', 'o', 'm', 'r', 'e', '?', 'i')",نُمرِه‌ای,,,,,False,,
بوجاری,"('b', 'u', 'j', 'A', 'r', 'i')",بوجاری,,,,,False,,
تعدیلی,"('t', 'a', '?', 'd', 'i', 'l', 'i')",تَعدیلی,,,,,False,,
مرتب‌چینی,"('m', 'o', 'r', 'a', 't', 't', 'a', 'b', 'C', 'i', 'n', 'i')",مُرَتَّب‌چینی,,,,,False,,
گفتگو,"('g', 'o', 'f', 't', 'e', 'g', 'u', 'g', 'o', 'f', 't', 'o', 'g', 'u')",گُفتِگو,,,,,False,,
الحمد,"('?', 'a', 'l', 'h', 'a', 'm', 'd')",اَلحَمد,,,,,False,,
انکار‌نشدنی,"('?', 'e', 'n', 'k', 'A', 'r', 'n', 'a', 'S', 'o', 'd', 'a', 'n', 'i')",اِنکار‌نَشُدَنی,,,,,False,,
دفزن,"('d', 'a', 'f', 'z', 'a', 'n')",دَفزَن,,,,,False,,
لاینقطع,"('l', 'A', 'y', 'a', 'n', 'q', 'a', 't', 'e', '?')",لایَنقَطِع,,,,,False,,
فلینی,"('f', 'e', 'l', 'i', 'n', 'i')",فِلینی,,,,,False,,
عروسک‌‌گردانی,"('?', 'a', 'r', 'u', 's', 'a', 'k', 'g', 'a', 'r', 'd', 'A', 'n', 'i')",عَروسَک‌‌گَردانی,,,,,False,,
فوت‌‌شده,"('f', 'o', 't', 'S', 'o', 'd', 'e')",فوت‌‌شُدِه,1,,,,False,,
ویتانا,"('v', 'i', 't', 'A', 'n', 'A')",ویتانا,,,,,False,,
پاتیل,"('p', 'A', 't', 'i', 'l')",پاتیل,,,,,False,,
گردوئی,"('g', 'e', 'r', 'd', 'u', '?', 'i')",گِردوئی,,,,,False,,
مفرد,"('m', 'o', 'f', 'r', 'a', 'd')",مُفرَد,,,,,False,,
برنده,"('b', 'a', 'r', 'a', 'n', 'd', 'e')",بَرَندِه,,,,,False,,
هم‌قد‌و‌قواره,"('h', 'a', 'm', 'q', 'a', 'd', 'd', 'o', 'q', 'a', 'v', 'A', 'r', 'e')",هَم‌قَدُّ‌و‌قَوارِه,,,,,False,,
چند‌طبقه,"('C', 'a', 'n', 'd', 't', 'a', 'b', 'a', 'q', 'e')",چَند‌طَبَقِه,,,,,False,,
آب‌رسان,"('?', 'A', 'b', 'r', 'e', 's', 'A', 'n')",آب‌رِسان,,,,,False,,
سیاخاک,"('s', 'i', 'y', 'A', 'x', 'A', 'k')",سیاخاک,,,3,3,False,,
بیمه‌گزار,"('b', 'i', 'm', 'e', 'g', 'o', 'z', 'A', 'r')",بیمِه‌گُزار,,,7,6,False,,
چوخه,"('C', 'u', 'x', 'e')",چوخِه,,,,,False,,
عهد‌‌شکنی,"('?', 'a', 'h', 'd', 'S', 'e', 'k', 'a', 'n', 'i')",عَهد‌‌شِکَنی,,,,,False,,
اصلاح‌کنندگی,"('?', 'e', 's', 'l', 'A', 'h', 'k', 'o', 'n', 'a', 'n', 'd', 'e', 'g', 'i')",اِصلاح‌کُنَندِگی,,,,,False,,
چلنگری,"('C', 'e', 'l', 'a', 'n', 'g', 'a', 'r', 'i')",چِلَنگَری,,,,,False,,
بی‌وقفه,"('b', 'i', 'v', 'a', 'q', 'f', 'e')",بی‌وَقفِه,,,,,False,,
فیلبان,"('f', 'i', 'l', 'b', 'A', 'n')",فیلبان,,,,,False,,
معترضانه,"('m', 'o', '?', 't', 'a', 'r', 'e', 'z', 'A', 'n', 'e')",مُعتَرِضانِه,,,,,False,,
جنون,"('j', 'o', 'n', 'u', 'n')",جُنون,,,,,False,,
لایتخلف,"('l', 'A', 'y', 'a', 't', 'a', 'x', 'a', 'l', 'l', 'a', 'f')",لایَتَخَلَّف,,,,,False,,
شلوغ‌‌بازار,"('S', 'u', 'l', 'u', 'q', 'b', 'A', 'z', 'A', 'r')",شُلوغ‌‌بازار,,,,,False,,
ابستروکسیون,"('?', 'o', 'b', 's', 't', 'r', 'u', 'k', 's', 'i', 'y', 'o', 'n')",اُبستروکسیون,,,,,False,,
هدایت‌نشده,"('h', 'e', 'd', 'A', 'y', 'a', 't', 'n', 'a', 'S', 'o', 'd', 'e')",هِدایَت‌نَشُدِه,,,,,False,,
طبیعت‌‌شناسی,"('t', 'a', 'b', 'i', '?', 'a', 't', 'S', 'e', 'n', 'A', 's', 'i')",طَبیعَت‌‌شِناسی,,,,,False,,
قرت,"('q', 'o', 'r', 't')",قُرت,,,,,False,,
پدری,"('p', 'e', 'd', 'a', 'r', 'i')",پِدَری,,,,,False,,
خوش‌ذقن,"('x', 'o', 'S', 'z', 'a', 'q', 'a', 'n')",خوش‌ذَقَن,1,,,,False,,
مرده‌ریگ,"('m', 'o', 'r', 'd', 'e', 'r', 'i', 'g')",مُردِه‌ریگ,,,,,False,,
کاروان,"('k', 'A', 'r', 'v', 'A', 'n')",کاروان,,,,,False,,
پاک‌بین,"('p', 'A', 'k', 'b', 'i', 'n')",پاک‌بین,,,,,False,,
تعدیل,"('t', 'a', '?', 'd', 'i', 'l')",تَعدیل,,,,,False,,
دلگشایی,"('d', 'e', 'l', 'g', 'o', 'S', 'A', 'y', 'i')",دِلگُشایی,,,,,False,,
نیلوفر,"('n', 'i', 'l', 'u', 'f', 'a', 'r')",نیلوفَر,,,,,False,,
شیل,"('S', 'i', 'l')",شیل,,,,,False,,
فلفل‌‌سبز,"('f', 'e', 'l', 'f', 'e', 'l', 's', 'a', 'b', 'z')",فِلفِل‌‌سَبز,,,,,False,,
قراردادنامه,"('q', 'a', 'r', 'A', 'r', 'd', 'A', 'd', 'n', 'A', 'm', 'e')",قَراردادنامِه,,,,,False,,
شم,"('S', 'a', 'm', 'm')",شَم,,,,,False,,
نوگرایی,"('n', 'o', 'g', 'e', 'r', 'A', 'y', 'i')",نوگِرایی,1,,,,False,,
میخوش,"('m', 'e', 'y', 'x', 'o', 'S')",مِیخوش,3,,,,False,,
خرده‌مایه,"('x', 'o', 'r', 'd', 'e', 'm', 'A', 'y', 'e')",خُردِه‌مایِه,,,6,5,False,,
باد‌کرده,"('b', 'A', 'd', 'k', 'a', 'r', 'd', 'e')",باد‌کَردِه,,,,,False,,
خنجر,"('x', 'a', 'n', 'j', 'a', 'r')",خَنجَر,,,,,False,,
فراگشت,"('f', 'a', 'r', 'A', 'g', 'a', 'S', 't')",فَراگَشت,,,,,False,,
شاه‌مقصود,"('S', 'A', 'h', 'm', 'a', 'q', 's', 'u', 'd')",شاه‌مَقصود,,,,,False,,
زنجان‌رود,"('z', 'a', 'n', 'j', 'A', 'n', 'r', 'u', 'd')",زَنجان‌رود,,,,,False,,
ذبیحیان,"('z', 'a', 'b', 'i', 'h', 'i', 'y', 'A', 'n')",ذَبیحیان,,,7,6,False,,
بارآور,"('b', 'A', 'r', 'A', 'v', 'a', 'r')",بارآوَر,,,,,False,,
بادوبروت,"('b', 'A', 'd', 'o', 'b', 'u', 'r', 'u', 't')",بادوبُروت,3,,,,False,,
تورانی,"('t', 'u', 'r', 'A', 'n', 'i')",تورانی,,,,,False,,
برکات,"('b', 'a', 'r', 'a', 'k', 'A', 't')",بَرَکات,,,,,False,,
پرندگان,"('p', 'a', 'r', 'a', 'n', 'd', 'e', 'g', 'A', 'n')",پَرَندِگان,,,,,False,,
انزال,"('?', 'e', 'n', 'z', 'A', 'l')",اِنزال,,,,,False,,
چینی‌بندزن,"('C', 'i', 'n', 'i', 'b', 'a', 'n', 'd', 'z', 'a', 'n')",چینی‌بَندزَن,,,,,False,,
آیینه‌خانه,"('?', 'A', 'y', 'i', 'n', 'e', 'x', 'A', 'n', 'e')",آیینِه‌خانِه,,,7,6,False,,
چیتی,"('C', 'i', 't', 'i')",چیتی,,,,,False,,
شانکر,"('S', 'A', 'n', 'k', 'e', 'r')",شانکِر,,,,,False,,
دوره,"('d', 'o', 'u', 'r', 'e')",دُورِه,1,,,,False,,
فلانی,"('f', 'o', 'l', 'A', 'n', 'i')",فُلانی,,,,,False,,
ساتن,"('s', 'A', 't', 'a', 'n')",ساتَن,,,,,False,,
اطلاع‌یابی,"('?', 'e', 't', 't', 'e', 'l', 'A', '?', 'y', 'A', 'b', 'i')",اِطِّلاع‌یابی,,,6,4,False,,
عشرت,"('?', 'e', 'S', 'r', 'a', 't')",عِشرَت,,,,,False,,
نوجوانی,"('n', 'o', 'j', 'a', 'v', 'A', 'n', 'i')",نوجَوانی,1,,,,False,,
صندل,"('s', 'a', 'n', 'd', 'a', 'l')",صَندَل,,,,,False,,
هجو,"('h', 'a', 'j', 'v')",هَجو,,,,,False,,
نصفه,"('n', 'e', 's', 'f', 'e')",نِصفِه,,,,,False,,
خفچه,"('x', 'a', 'f', 'C', 'e')",خَفچِه,,,,,False,,
زده‌دار,"('z', 'a', 'd', 'e', 'd', 'A', 'r')",زَدِه‌دار,,,5,4,False,,
جارویی,"('j', 'A', 'r', 'u', 'y', 'i')",جارویی,,,,,False,,
خدری,"('x', 'a', 'd', 'a', 'r', 'i')",خَدَری,,,,,False,,
لیموعمانی,"('l', 'i', 'm', 'u', '?', 'a', 'm', 'A', 'n', 'i')",لیموعَمانی,,,,,False,,
بالابرنده,"('b', 'A', 'l', 'A', 'b', 'a', 'r', 'a', 'n', 'd', 'e')",بالابَرَندِه,,,,,False,,
دوخانه,"('d', 'o', 'x', 'A', 'n', 'e')",دوخانِه,1,,,,False,,
هرمافرودیت,"('h', 'e', 'r', 'm', 'A', 'f', 'e', 'r', 'o', 'd', 'i', 't')",هِرمافِرودیت,6,,,,False,,
باهم,"('b', 'A', 'h', 'a', 'm')",باهَم,,,,,False,,
دعوت,"('d', 'a', '?', 'v', 'a', 't')",دَعوَت,,,,,False,,
دو‌خوابه,"('d', 'o', 'x', 'A', 'b', 'e')",دو‌خوابِه,1,4,,,False,,
مختلس,"('m', 'o', 'x', 't', 'a', 'l', 'e', 's')",مُختَلِس,,,,,False,,
سندسازی,"('s', 'a', 'n', 'a', 'd', 's', 'A', 'z', 'i')",سَنَدسازی,,,,,False,,
تمام‌شنی,"('t', 'a', 'm', 'A', 'm', 'S', 'e', 'n', 'i')",تَمام‌شِنی,,,,,False,,
کائن,"('k', 'A', '?', 'e', 'n')",کائِن,,,,,False,,
اجدادی,"('?', 'a', 'j', 'd', 'A', 'd', 'i')",اَجدادی,,,,,False,,
بختانه,"('b', 'a', 'x', 't', 'A', 'n', 'e')",بَختانِه,,,,,False,,
نئاندرتال,"('n', 'e', '?', 'A', 'n', 'd', 'e', 'r', 't', 'A', 'l')",نِئاَندِرتال,,,,,False,,
چند‌تمدنی,"('C', 'a', 'n', 'd', 't', 'a', 'm', 'a', 'd', 'd', 'o', 'n', 'i')",چَند‌تَمَدُّنی,,,,,False,,
حاکمی,"('h', 'A', 'k', 'e', 'm', 'i')",حاکِمی,,,,,False,,
فربد,"('f', 'a', 'r', 'b', 'o', 'd')",فَربُد,,,,,False,,
دگروار,"('d', 'e', 'g', 'a', 'r', 'v', 'A', 'r')",دِگَروار,,,,,False,,
جگرک,"('j', 'e', 'g', 'a', 'r', 'a', 'k')",جِگَرَک,,,,,False,,
اتم‌شکن,"('?', 'a', 't', 'o', 'm', 'S', 'e', 'k', 'a', 'n')",اَتُم‌شِکَن,,,,,False,,
ثقلین,"('s', 'a', 'q', 'a', 'l', 'e', 'y', 'n')",ثَقَلِین,,,,,False,,
شخصیت‌‌سازی,"('S', 'a', 'x', 's', 'i', 'y', 'y', 'a', 't', 's', 'A', 'z', 'i')",شَخصیَّت‌‌سازی,,,10,,False,,
عین‌‌الدوله,"('?', 'e', 'y', 'n', 'o', 'd', 'd', 'o', 'l', 'e')",عِین‌‌اُلدُّولِه,,,,,False,,
پروپاگاندچی,"('p', 'o', 'r', 'o', 'p', 'A', 'g', 'A', 'n', 'd', 'C', 'i')",پُروپاگاندچی,2,,,,False,,
گلاسنوست,"('g', 'e', 'l', 'A', 's', 'n', 'o', 's', 't')",گِلاسنوست,5,,,,False,,
بحریه,"('b', 'a', 'h', 'r', 'i', 'y', 'y', 'e')",بَحریِّه,,,,,False,,
افراط‌گر,"('?', 'e', 'f', 'r', 'A', 't', 'g', 'a', 'r')",اِفراط‌گَر,,,,,False,,
آب‌نشین,"('?', 'A', 'b', 'n', 'e', 'S', 'i', 'n')",آب‌نِشین,,,,,False,,
پنددهنده,"('p', 'a', 'n', 'd', 'd', 'a', 'h', 'a', 'n', 'd', 'e')",پَندَدَهنِده,,,,,False,,
مجمع‌الشعرا,"('m', 'a', 'j', 'm', 'a', '?', 'o', 'S', 'S', 'o', '?', 'a', 'r', 'A')",مَجمَع‌اُلشُّعَرا,,,13,9,False,,
ماموم,"('m', 'a', '?', 'm', 'u', 'm')",مَاموم,,,,,False,,
اجتناب‌پذیر,"('?', 'e', 'j', 't', 'e', 'n', 'A', 'b', 'p', 'a', 'z', 'i', 'r')",اِجتِناب‌پَذیر,,,,,False,,
الکتروپمپ,"('?', 'e', 'l', 'e', 'k', 't', 'e', 'r', 'o', 'p', 'o', 'm', 'p')",اِلِکتِروپُمپ,5,,,,False,,
ورم,"('v', 'a', 'r', 'a', 'm')",وَرَم,,,,,False,,
کامروائی,"('k', 'A', 'm', 'r', 'a', 'v', 'A', '?', 'i')",کامرَوائی,,,,,False,,
کمپوزیسیون,"('k', 'o', 'm', 'p', 'o', 'z', 'i', 's', 'y', 'o', 'n')",کُمپوزیسیون,3,,,,False,,
عبدالله‌‌بن‌‌عامر,"('?', 'a', 'b', 'd', 'o', 'l', 'l', 'A', 'h', 'e', 'b', 'n', 'e', '?', 'A', 'm', 'e', 'r')",عَبداُللّهِ‌‌بنِ‌‌عاَمِر,,,"7,14","5,13",False,,
روح‌بخش,"('r', 'u', 'h', 'b', 'a', 'x', 'S')",روح‌بَخش,,,,,False,,
پیواژه,"('p', 'e', 'y', 'v', 'A', 'Z', 'e')",پِیواژِه,,,,,False,,
عدسی,"('?', 'a', 'd', 'a', 's', 'i')",عَدَسی,,,,,False,,
شش‌‌متری,"('S', 'e', 'S', 'm', 'e', 't', 'r', 'i')",شِش‌‌مِتری,,,,,False,,
ارشیا,"('?', 'a', 'r', 'S', 'i', 'y', 'A')",اَرشیا,,,6,,False,,
شیربان,"('S', 'i', 'r', 'b', 'A', 'n')",شیربان,,,,,False,,
ناصرزاده,"('n', 'A', 's', 'e', 'r', 'z', 'A', 'd', 'e')",ناصِرزادِه,,,,,False,,
خش‌دار,"('x', 'a', 'S', 'd', 'A', 'r')",خَش‌دار,,,,,False,,
پالانید,"('p', 'A', 'l', 'A', 'n', 'i', 'd')",پالانید,,,,,False,,
خوکچه,"('x', 'u', 'k', 'C', 'e')",خوکچِه,,,,,False,,
انشایی,"('?', 'e', 'n', 'S', 'A', 'y', 'i')",اِنشایی,,,,,False,,
ظاهرپسند,"('z', 'A', 'h', 'e', 'r', 'p', 'a', 's', 'a', 'n', 'd')",ظاهِرپَسَند,,,,,False,,
زر‌و‌زیور,"('z', 'a', 'r', 'o', 'z', 'i', 'v', 'a', 'r')",زَر‌و‌زیوَر,3,,,,False,,
چابکسر,"('C', 'A', 'b', 'o', 'k', 's', 'a', 'r')",چابُکسَر,,,,,False,,
لام,"('l', 'A', 'm')",لام,,,,,False,,
مهرویلا,"('m', 'e', 'h', 'r', 'v', 'i', 'l', 'A')",مِهرویلا,,,,,False,,
سیر‌‌و‌‌سلوک,"('s', 'e', 'y', 'r', 'o', 's', 'u', 'l', 'u', 'k')",سِیر‌‌و‌‌سُلوک,5,,,,False,,
انگورپزان,"('?', 'a', 'n', 'g', 'u', 'r', 'p', 'a', 'z', 'A', 'n')",اَنگورپَزان,,,,,False,,
میلی‌لیتری,"('m', 'i', 'l', 'i', 'l', 'i', 't', 'r', 'i')",میلی‌لیتری,,,,,False,,
آمیلوپکتین,"('?', 'A', 'm', 'i', 'l', 'o', 'p', 'e', 'k', 't', 'i', 'n')",آمیلوپِکتین,4,,,,False,,
مایه‌خواری,"('m', 'A', 'y', 'e', 'x', 'A', 'r', 'i')",مایِه‌خواری,,,5,5,False,,
دین‌باوری,"('d', 'i', 'n', 'b', 'A', 'v', 'a', 'r', 'i')",دین‌باوَری,,,,,False,,
پرداختکار,"('p', 'a', 'r', 'd', 'A', 'x', 't', 'k', 'A', 'r')",پَرداختکار,,,,,False,,
وجود‌گرایی,"('v', 'o', 'j', 'u', 'd', 'g', 'e', 'r', 'A', 'y', 'i')",وُجود‌گِرایی,,,,,False,,
فرا‌‌ساختاری,"('f', 'a', 'r', 'A', 's', 'A', 'x', 't', 'A', 'r', 'i')",فَرا‌‌ساختاری,,,,,False,,
رزم‌آوری,"('r', 'a', 'z', 'm', 'A', 'v', 'a', 'r', 'i')",رَزم‌آوَری,,,,,False,,
همنفس,"('h', 'a', 'm', 'n', 'a', 'f', 'a', 's')",هَمنَفَس,,,,,False,,
فشفشه,"('f', 'e', 'S', 'f', 'e', 'S', 'e')",فِشفِشِه,,,,,False,,
نفاذ,"('n', 'e', 'f', 'A', 'z')",نِفاذ,,,,,False,,
تشییع‌جنازه,"('t', 'a', 'S', 'y', 'i', '?', 'j', 'e', 'n', 'A', 'z', 'e')",تَشییع‌جِنازِه,,,,,False,,
رشد,"('r', 'o', 'S', 'd')",رُشد,,,,,False,,
نامهربان,"('n', 'A', 'm', 'e', 'h', 'r', 'a', 'b', 'A', 'n')",نامِهرَبان,,,,,False,,
هندی,"('h', 'e', 'n', 'd', 'i')",هِندی,,,,,False,,
حمله‌ور,"('h', 'a', 'm', 'l', 'e', 'v', 'a', 'r')",حَملِه‌وَر,,,,,False,,
اطراف‌واکناف,"('?', 'a', 't', 'r', 'A', 'f', 'o', '?', 'a', 'k', 'n', 'A', 'f')",اَطراف‌واَکناف,6,,,,False,,
برداشت‌نشده,"('b', 'a', 'r', 'd', 'A', 'S', 't', 'n', 'a', 'S', 'o', 'd', 'e')",بَرداشت‌نَشُدِه,,,,,False,,
بهیچوجه,"('b', 'e', 'h', 'i', 'C', 'v', 'a', 'j', 'h')",بِهیچوَجه,,,,,False,,
مرسله,"('m', 'a', 'r', 's', 'a', 'l', 'e')",مَرسَلِه,,,,,False,,
پانکی,"('p', 'A', 'n', 'k', 'i')",پانکی,,,,,False,,
ضروریت,"('z', 'a', 'r', 'u', 'r', 'i', 'y', 'y', 'a', 't')",ضَروریَّت,,,,,False,,
رزان,"('r', 'a', 'z', 'A', 'n')",رَزان,,,,,False,,
آنچه,"('?', 'A', 'n', 'C', 'e')",آنچِه,,,,,False,,
آسیا,"('?', 'A', 's', 'i', 'y', 'A')",آسیا,,,5,,False,,
آتشین‌خو,"('?', 'A', 't', 'a', 'S', 'i', 'n', 'x', 'u')",آتَشین‌خو,,,,,False,,
بی‌انباز,"('b', 'i', '?', 'a', 'n', 'b', 'A', 'z')",بی‌اَنباز,,,,,False,,
نصرت‌الدوله,"('n', 'o', 's', 'r', 'a', 't', 'o', 'd', 'd', 'o', 'l', 'e')",نُصرَت‌اُلدُّولِه,,,,,False,,
تجزیه‌طلبی,"('t', 'a', 'j', 'z', 'i', 'y', 'e', 't', 'a', 'l', 'a', 'b', 'i')",تَجزیِه‌طَلَبی,,,,,False,,
بخوبی,"('b', 'e', 'x', 'u', 'b', 'i')",بِخوبی,,,,,False,,
یهودی‌تبار,"('y', 'a', 'h', 'u', 'd', 'i', 't', 'a', 'b', 'A', 'r')",یَهودی‌تَبار,,,,,False,,
زیبا,"('z', 'i', 'b', 'A')",زیبا,,,,,False,,
ناهمسازی,"('n', 'A', 'h', 'a', 'm', 's', 'A', 'z', 'i')",ناهَمسازی,,,,,False,,
به‌هرحال,"('b', 'e', 'h', 'a', 'r', 'h', 'A', 'l')",بِه‌هَرحال,,,6,5,False,,
آب,"('?', 'A', 'b')",آب,,,,,False,,
صداگذار,"('s', 'e', 'd', 'A', 'g', 'o', 'z', 'A', 'r')",صِداگُذار,,,,,False,,
ونزوئلا,"('v', 'e', 'n', 'e', 'z', 'u', '?', 'e', 'l', 'A')",وِنِزوئِلا,,,,,False,,
نعمان,"('n', 'o', '?', 'm', 'A', 'n')",نُعمان,,,,,False,,
توهم,"('t', 'a', 'v', 'a', 'h', 'h', 'o', 'm')",تَوَهُّم,,,,,False,,
تفصیلی,"('t', 'a', 'f', 's', 'i', 'l', 'i')",تَفصیلی,,,,,False,,
تاکسیدرمی‌شده,"('t', 'A', 'k', 's', 'i', 'd', 'e', 'r', 'm', 'i', 'S', 'o', 'd', 'e')",تاکسیدِرمی‌شُدِه,,,,,False,,
تحسین,"('t', 'a', 'h', 's', 'i', 'n')",تَحسین,,,,,False,,
آغار,"('?', 'A', 'q', 'A', 'r')",آغار,,,,,False,,
معدن‌کاری,"('m', 'a', '?', 'd', 'a', 'n', 'k', 'A', 'r', 'i')",مَعدَن‌کاری,,,,,False,,
آندوسپور,"('?', 'A', 'n', 'd', 'o', 's', 'p', 'o', 'r')",آندوسپور,6,,,,False,,
فرهنگسراسازی,"('f', 'a', 'r', 'h', 'a', 'n', 'g', 's', 'a', 'r', 'A', 's', 'A', 'z', 'i')",فَرهَنگسَراسازی,,,,,False,,
دیمی,"('d', 'e', 'y', 'm', 'i')",دِیمی,,,,,False,,
پژوهشگری,"('p', 'a', 'Z', 'u', 'h', 'e', 'S', 'g', 'a', 'r', 'i')",پَژوهِشگَری,,,,,False,,
بوستر,"('b', 'u', 's', 't', 'e', 'r')",بوستِر,,,,,False,,
درونزاد,"('d', 'a', 'r', 'u', 'n', 'z', 'A', 'd')",دَرونزاد,,,,,False,,
نصیحهالملوک,"('n', 'a', 's', 'i', 'h', 'a', 't', 'o', 'l', 'm', 'o', 'l', 'u', 'k')",نَصیحَهاُلمُلوک,,,,,False,,
نهار,"('n', 'A', 'h', 'A', 'r')",نهار,,,1,1,False,,
حوادث,"('h', 'a', 'v', 'A', 'd', 'e', 's')",حَوادِث,,,,,False,,
مضاربه‌ای,"('m', 'o', 'z', 'A', 'r', 'e', 'b', 'e', '?', 'i')",مُضارِبِه‌ای,,,,,False,,
بازپسین,"('b', 'A', 'z', 'p', 'a', 's', 'i', 'n')",بازپَسین,,,,,False,,
قانع‌کننده,"('q', 'A', 'n', 'e', '?', 'k', 'o', 'n', 'a', 'n', 'd', 'e')",قانِع‌کُنَندِه,,,,,False,,
اضافه‌هزینه,"('?', 'e', 'z', 'A', 'f', 'e', 'h', 'a', 'z', 'i', 'n', 'e')",اِضافِه‌هَزینِه,,,,,False,,
روابط‌عمومی,"('r', 'a', 'v', 'A', 'b', 'e', 't', '?', 'o', 'm', 'o', 'm', 'i')",رَوابِط‌عُمومی,8,,,,False,,
بقراط,"('b', 'o', 'q', 'r', 'A', 't')",بُقراط,,,,,False,,
املانویسی,"('?', 'e', 'm', 'l', 'A', 'n', 'e', 'v', 'i', 's', 'i')",اِملانِویسی,,,,,False,,
قوری,"('q', 'u', 'r', 'i')",قوری,,,,,False,,
نگارگری,"('n', 'e', 'g', 'A', 'r', 'g', 'a', 'r', 'i')",نِگارگَری,,,,,False,,
تنبک‌زن,"('t', 'o', 'n', 'b', 'a', 'k', 'z', 'a', 'n')",تُنبَک‌زَن,,,,,False,,
دیدور,"('d', 'i', 'd', 'e', 'v', 'a', 'r')",دیدِوَر,,,,,False,,
تحول‌خیز,"('t', 'a', 'h', 'a', 'v', 'v', 'o', 'l', 'x', 'i', 'z')",تَحَوُّل‌خیز,,,,,False,,
پیزوالکتریسیته,"('p', 'i', 'z', 'o', '?', 'e', 'l', 'e', 'k', 't', 'e', 'r', 'i', 's', 'i', 't', 'e')",پیزواِلِکتِریسیتِه,,,,,False,,
نقده,"('n', 'a', 'q', 'a', 'd', 'e')",نَقَدِه,,,,,False,,
انژیوگرافی,"('?', 'a', 'n', 'Z', 'i', 'y', 'o', 'g', 'e', 'r', 'A', 'f', 'i')",اَنژیوگِرافی,4,,,,False,,
دوده,"('d', 'u', 'd', 'e')",دودِه,,,,,False,,
قلیه,"('q', 'a', 'l', 'i', 'y', 'e')",قَلیِه,,,,,False,,
بیوسفر,"('b', 'i', 'y', 'o', 's', 'f', 'e', 'r')",بیوسفِر,2,,,,False,,
آزمندی,"('?', 'A', 'z', 'm', 'a', 'n', 'd', 'i')",آزمَندی,,,,,False,,
به‌سلامت,"('b', 'e', 's', 'a', 'l', 'A', 'm', 'a', 't')",بِه‌سَلامَت,,,5,4,False,,
قومیت,"('q', 'o', 'm', 'i', 'y', 'y', 'a', 't')",قومیَّت,1,,,,False,,
گود,"('g', 'o', 'u', 'd')",گُود,1,,,,False,,
پانته‌آ,"('p', 'A', 'n', 't', 'e', '?', 'A')",پانتِه‌آ,,,,,False,,
دین‌پرور,"('d', 'i', 'n', 'p', 'a', 'r', 'v', 'a', 'r')",دین‌پَروَر,,,,,False,,
اندا,"('?', 'a', 'n', 'd', 'A')",اَندا,,,,,False,,
منقطع,"('m', 'o', 'n', 'q', 'a', 't', 'e', '?')",مُنقَطِع,,,,,False,,
بربند,"('b', 'a', 'r', 'b', 'a', 'n', 'd')",بَربَند,,,,,False,,
شیرین‌‌گفتار,"('S', 'i', 'r', 'i', 'n', 'g', 'o', 'f', 't', 'A', 'r')",شیرین‌‌گُفتار,,,,,False,,
بنی‌احمدی,"('b', 'a', 'n', 'i', '?', 'a', 'h', 'm', 'a', 'd', 'i')",بَنی‌اَحمَدی,,,,,False,,
اصلانیان,"('?', 'a', 's', 'l', 'A', 'n', 'i', 'y', 'A', 'n')",اَصلانیان,,,8,7,False,,
روح,"('r', 'u', 'h')",روح,,,,,False,,
پشت‌پرده,"('p', 'o', 'S', 't', 'e', 'p', 'a', 'r', 'd', 'e')",پُشتِ‌پَردِه,,,,,False,,
کهنسال,"('k', 'o', 'h', 'a', 'n', 's', 'A', 'l')",کُهَنسال,,,,,False,,
رخداد,"('r', 'o', 'x', 'd', 'A', 'd')",رُخداد,,,,,False,,
وامپیر,"('v', 'A', 'm', 'p', 'i', 'r')",وامپیر,,,,,False,,
صدآفرین,"('s', 'a', 'd', 'A', 'f', 'a', 'r', 'i', 'n')",صَدآفَرین,,,,,False,,
سبک‌دار,"('s', 'a', 'b', 'k', 'd', 'A', 'r')",سَبک‌دار,,,,,False,,
گزینش‌شده,"('g', 'o', 'z', 'i', 'n', 'e', 'S', 'S', 'o', 'd', 'e')",گُزینِشُ‌شِده,,,,,False,,
حسابگری,"('h', 'e', 's', 'A', 'b', 'g', 'a', 'r', 'i')",حِسابگَری,,,,,False,,
میرعرب,"('m', 'i', 'r', '?', 'a', 'r', 'a', 'b')",میرعَرَب,,,,,False,,
جدوآباد,"('j', 'a', 'd', 'd', 'o', '?', 'A', 'b', 'A', 'd')",جَدُّوآباد,,,,,False,,
کلی‌‌گویی,"('k', 'o', 'l', 'l', 'i', 'g', 'u', 'y', 'i')",کُلّی‌‌گویی,,,,,False,,
دیه,"('d', 'i', 'y', 'e')",دیِه,,,,,False,,
پسرخاله,"('p', 'e', 's', 'a', 'r', 'x', 'A', 'l', 'e')",پِسَرخالِه,,,,,False,,
پاییزه,"('p', 'A', 'y', 'i', 'z', 'e')",پاییزِه,,,,,False,,
صرفید,"('s', 'a', 'r', 'f', 'i', 'd')",صَرفید,,,,,False,,
نامعادلات,"('n', 'A', 'm', 'o', '?', 'A', 'd', 'e', 'l', 'A', 't')",نامُعاَدِلات,,,,,False,,
خروس‌جنگی,"('x', 'u', 'r', 'u', 's', 'j', 'a', 'n', 'g', 'i')",خُروس‌جَنگی,,,,,False,,
قاصر,"('q', 'A', 's', 'e', 'r')",قاصِر,,,,,False,,
کله‌پوک,"('k', 'a', 'l', 'l', 'e', 'p', 'u', 'k')",کَلِّه‌پوک,,,,,False,,
نشست,"('n', 'a', 'S', 'o', 's', 't')",نَشُست,,,,,False,,
ارسلان,"('?', 'a', 'r', 's', 'a', 'l', 'A', 'n')",اَرسَلان,,,,,False,,
قابلیت,"('q', 'A', 'b', 'e', 'l', 'i', 'y', 'y', 'a', 't')",قابِلیَّت,,,,,False,,
اسوشیتس,"('?', 'A', 's', 'o', 'S', 'e', 'y', 't', 'e', 's')",اَسوشِیتِس,,,,,False,,
مکلف,"('m', 'o', 'k', 'a', 'l', 'l', 'a', 'f')",مُکَلَّف,,,,,False,,
دیژیتالی,"('d', 'i', 'Z', 'i', 't', 'A', 'l', 'i')",دیژیتالی,,,,,False,,
نفع‌طلبانه,"('n', 'a', 'f', '?', 't', 'a', 'l', 'a', 'b', 'A', 'n', 'e')",نَفع‌طَلَبانِه,,,,,False,,
سوئیچ,"('s', 'u', '?', 'i', 'C')",سوئیچ,,,,,False,,
شمول,"('S', 'o', 'm', 'u', 'l')",شُمول,,,,,False,,
سه‌پشته,"('s', 'e', 'p', 'o', 'S', 't', 'e')",سِه‌پُشتِه,,,,,False,,
اصطبل,"('?', 'e', 's', 't', 'a', 'b', 'l')",اِصطَبل,,,,,False,,
انفکسیون,"('?', 'a', 'n', 'f', 'e', 'k', 's', 'i', 'y', 'o', 'n')",اَنفِکسیون,6,,,,False,,
تک‌ماده,"('t', 'a', 'k', 'm', 'A', 'd', 'd', 'e')",تَک‌مادِّه,,,,,False,,
مجدنیا,"('m', 'a', 'j', 'd', 'n', 'i', 'y', 'A')",مَجدنیا,,,7,,False,,
پاک‌وش,"('p', 'A', 'k', 'v', 'a', 'S')",پاک‌وَش,,,,,False,,
تابان‌نیرو,"('t', 'A', 'b', 'A', 'n', 'n', 'i', 'r', 'u')",تابانِ‌نُیرو,,,,,False,,
قابل‌‌تعقیب,"('q', 'A', 'b', 'e', 'l', 'e', 't', 'a', '?', 'q', 'i', 'b')",قابِلِ‌‌تَعقیب,,,,,False,,
مزرعه‌دار,"('m', 'a', 'z', 'r', 'a', '?', 'e', 'd', 'A', 'r')",مَزرَعِه‌دار,,,8,6,False,,
مریمی,"('m', 'a', 'r', 'y', 'a', 'm', 'i')",مَریَمی,,,,,False,,
رودرروئی,"('r', 'u', 'd', 'a', 'r', 'r', 'u', '?', 'i')",رودَرُرِوئی,,,,,False,,
پنسیلوانیا,"('p', 'e', 'n', 's', 'e', 'l', 'v', 'A', 'n', 'i', 'y', 'A')",پِنسِیلوانیا,,5,11,,False,,
جت,"('j', 'e', 't')",جِت,,,,,False,,
دمبک,"('d', 'o', 'm', 'b', 'a', 'k')",دُمبَک,,,,,False,,
تصریح,"('t', 'a', 's', 'r', 'i', 'h')",تَصریح,,,,,False,,
بوداده,"('b', 'u', 'd', 'A', 'd', 'e')",بودادِه,,,,,False,,
هری,"('h', 'e', 'r', 'r', 'i')",هِرّی,,,,,False,,
متساوی‌الساقین,"('m', 'o', 't', 'e', 's', 'A', 'v', 'i', 'y', 'o', 's', 's', 'A', 'q', 'e', 'y', 'n')",مُتِساوی‌اُلسّاقِین,,,,,False,,
سیم‌فام,"('s', 'i', 'm', 'f', 'A', 'm')",سیم‌فام,,,,,False,,
آدینه,"('?', 'A', 'd', 'i', 'n', 'e')",آدینِه,,,,,False,,
ستاره‌باران,"('s', 'e', 't', 'A', 'r', 'e', 'b', 'A', 'r', 'A', 'n')",سِتارِه‌باران,,,7,6,False,,
الویری,"('?', 'a', 'l', 'v', 'i', 'r', 'i')",اَلویری,,,,,False,,
چنگیزخان,"('C', 'a', 'n', 'g', 'i', 'z', 'x', 'A', 'n')",چَنگیزخان,,,,,False,,
الفماری,"('?', 'a', 'l', 'e', 'f', 'm', 'A', 'r', 'i')",اَلِفماری,,,,,False,,
کهن‌حلقویان,"('k', 'o', 'h', 'a', 'n', 'h', 'a', 'l', 'q', 'a', 'v', 'i', 'y', 'A', 'n')",کُهَن‌حَلقَویان,,,13,10,False,,
بیضوی,"('b', 'e', 'y', 'z', 'a', 'v', 'i')",بِیضَوی,,,,,False,,
دربان,"('d', 'a', 'r', 'b', 'A', 'n')",دَربان,,,,,False,,
سکولار,"('s', 'e', 'k', 'o', 'l', 'A', 'r')",سِکولار,2,,,,False,,
باشی‌زاده,"('b', 'A', 'S', 'i', 'z', 'A', 'd', 'e')",باشی‌زادِه,,,,,False,,
تعبیری,"('t', 'a', '?', 'b', 'i', 'r', 'i')",تَعبیری,,,,,False,,
میرزاغفور,"('m', 'i', 'r', 'z', 'A', 'q', 'a', 'f', 'u', 'r')",میرزاغَفور,,,,,False,,
بهرامیان,"('b', 'a', 'h', 'r', 'A', 'm', 'i', 'y', 'A', 'n')",بَهرامیان,,,8,7,False,,
هرقدر,"('h', 'a', 'r', 'q', 'a', 'd', 'r')",هَرقَدر,,,,,False,,
فالگوش‌‌نشینی,"('f', 'A', 'l', 'g', 'u', 'S', 'n', 'e', 'S', 'i', 'n', 'i')",فالگوش‌‌نِشینی,,,,,False,,
واقع‌گریز,"('v', 'A', 'q', 'e', '?', 'g', 'o', 'r', 'i', 'z')",واقِع‌گُریز,,,,,False,,
بسیط,"('b', 'a', 's', 'i', 't')",بَسیط,,,,,False,,
آق‌قویونلو,"('?', 'A', 'q', 'q', 'o', 'y', 'u', 'n', 'l', 'u')",آقُ‌قویونلو,,,,,False,,
اسپرت,"('?', 'e', 's', 'p', 'o', 'r', 't')",اِسپُرت,,,,,False,,
آبرودار,"('?', 'A', 'b', 'r', 'u', 'd', 'A', 'r')",آبرودار,,,,,False,,
السامرائی,"('?', 'a', 's', 's', 'A', 'm', 'e', 'r', 'A', '?', 'i')",اَلسّامِرائی,,,,,False,,
آلمان‌نشین,"('?', 'A', 'l', 'm', 'A', 'n', 'n', 'e', 'S', 'i', 'n')",آلمانِ‌نِشین,,,,,False,,
فدرال,"('f', 'e', 'd', 'e', 'r', 'A', 'l')",فِدِرال,,,,,False,,
استحکام‌بخشی,"('?', 'e', 's', 't', 'e', 'h', 'k', 'A', 'm', 'b', 'a', 'x', 'S', 'i')",اِستِحکام‌بَخشی,,,,,False,,
آکریلونیتریل,"('?', 'A', 'k', 'r', 'i', 'l', 'o', 'n', 'i', 't', 'r', 'i', 'l')",آکریلونیتریل,5,,,,False,,
امتیازدهی,"('?', 'e', 'm', 't', 'i', 'y', 'A', 'z', 'd', 'e', 'h', 'i')",اِمتیازدِهی,,,6,5,False,,
تفننی,"('t', 'a', 'f', 'a', 'n', 'n', 'o', 'n', 'i')",تَفَنُّنی,,,,,False,,
عنان‌‌گسیخته,"('?', 'e', 'n', 'A', 'n', 'g', 'o', 's', 'i', 'x', 't', 'e')",عِنان‌‌گُسیختِه,,,,,False,,
کمتاران,"('k', 'a', 'm', 't', 'A', 'r', 'A', 'n')",کَمتاران,,,,,False,,
کارون,"('k', 'A', 'r', 'u', 'n')",کارون,,,,,False,,
ممیزی,"('m', 'o', 'm', 'a', 'y', 'y', 'e', 'z', 'i')",مُمَیِّزی,,,,,False,,
کمالی‌‌نژاد,"('k', 'a', 'm', 'A', 'l', 'i', 'n', 'e', 'Z', 'A', 'd')",کَمالی‌‌نِژاد,,,,,False,,
فرا‌‌دست,"('f', 'a', 'r', 'A', 'd', 'a', 's', 't')",فَرا‌‌دَست,,,,,False,,
عباس‌قلی,"('?', 'a', 'b', 'b', 'A', 's', 'q', 'o', 'l', 'i')",عَباس‌قُلی,,,4,3,False,,
اعجازبرانگیز,"('?', 'e', '?', 'j', 'A', 'z', 'b', 'a', 'r', 'a', 'n', 'g', 'i', 'z')",اِعجازبَراَنگیز,,,,,False,,
پارسونز,"('p', 'A', 'r', 's', 'o', 'n', 'z')",پارسونز,4,,,,False,,
کلیه‌‌درد,"('k', 'o', 'l', 'y', 'e', 'd', 'a', 'r', 'd')",کُلیِه‌‌دَرد,,,,,False,,
نزاری,"('n', 'a', 'z', 'A', 'r', 'i')",نَزاری,,,,,False,,
هیدروکربن,"('h', 'i', 'd', 'r', 'o', 'k', 'a', 'r', 'b', 'o', 'n')",هیدروکَربُن,,,,,False,,
انصاری‌پور,"('?', 'a', 'n', 's', 'A', 'r', 'i', 'p', 'u', 'r')",اَنصاری‌پور,,,,,False,,
فلاح‌‌نیا,"('f', 'a', 'l', 'l', 'A', 'h', 'n', 'i', 'y', 'A')",فَلاح‌‌نیا,,,"4,9",3,False,,
بهت‌انگیز,"('b', 'o', 'h', 't', 'a', 'n', 'g', 'i', 'z')",بُهت‌اَنگیز,,,,,False,,
فراز,"('f', 'a', 'r', 'A', 'z')",فَراز,,,,,False,,
ساخارین,"('s', 'A', 'x', 'A', 'r', 'i', 'n')",ساخارین,,,,,False,,
شرع,"('S', 'a', 'r', '?')",شَرع,,,,,False,,
کوره‌‌اردشیر,"('k', 'u', 'r', 'e', '?', 'a', 'r', 'd', 'e', 'S', 'i', 'r')",کورِه‌‌اَردِشیر,,,,,False,,
خاتم‌بخش,"('x', 'A', 't', 'a', 'm', 'b', 'a', 'x', 'S')",خاتَم‌بَخش,,,,,False,,
طمع‌‌کار,"('t', 'a', 'm', 'a', '?', 'k', 'A', 'r')",طَمَع‌‌کار,,,,,False,,
عمرانیان,"('?', 'o', 'm', 'r', 'A', 'n', 'i', 'y', 'A', 'n')",عُمرانیان,,,8,7,False,,
آنوش,"('?', 'A', 'n', 'u', 'S')",آنوش,,,,,False,,
نگران‌کننده,"('n', 'e', 'g', 'a', 'r', 'A', 'n', 'k', 'o', 'n', 'a', 'n', 'd', 'e')",نِگَران‌کُنَندِه,,,,,False,,
فعلید,"('f', 'e', '?', 'l', 'i', 'd')",فِعلید,,,,,False,,
تاکسیدرمی,"('t', 'A', 'k', 's', 'i', 'd', 'e', 'r', 'm', 'i')",تاکسیدِرمی,,,,,False,,
گیپوربافی,"('g', 'i', 'p', 'u', 'r', 'b', 'A', 'f', 'i')",گیپوربافی,,,,,False,,
روبنائی,"('r', 'u', 'b', 'a', 'n', 'A', '?', 'i')",روبَنائی,,,,,False,,
میان‌برنامه,"('m', 'i', 'y', 'A', 'n', 'b', 'a', 'r', 'n', 'A', 'm', 'e')",میان‌بَرنامِه,,,3,3,False,,
حقشناس,"('h', 'a', 'q', 'S', 'e', 'n', 'A', 's')",حَقشِناس,,,,,False,,
بستر‌ساز,"('b', 'a', 's', 't', 'a', 'r', 's', 'A', 'z')",بَستَر‌ساز,,,,,False,,
زیروبمی,"('z', 'i', 'r', 'o', 'b', 'a', 'm', 'i')",زیروبَمی,,,,,False,,
بامبول,"('b', 'A', 'm', 'b', 'u', 'l')",بامبول,,,,,False,,
مالیخولیائی,"('m', 'A', 'l', 'i', 'x', 'u', 'l', 'i', 'y', 'A', '?', 'i')",مالیخولیائی,,,9,9,False,,
مامیران,"('m', 'A', 'm', 'i', 'r', 'A', 'n')",مامیران,,,,,False,,
آپارات,"('?', 'A', 'p', 'A', 'r', 'A', 't')",آپارات,,,,,False,,
آریستوکرات,"('?', 'A', 'r', 'i', 's', 't', 'o', 'k', 'e', 'r', 'A', 't')",آریستوکِرات,5,,,,False,,
مسکر,"('m', 'o', 's', 'k', 'e', 'r')",مُسکِر,,,,,False,,
آموختنی,"('?', 'A', 'm', 'u', 'x', 't', 'a', 'n', 'i')",آموختَنی,,,,,False,,
این,"('?', 'i', 'n')",این,,,,,False,,
رامشگر,"('r', 'A', 'm', 'e', 'S', 'g', 'a', 'r')",رامِشگَر,,,,,False,,
پوست‌کلفت,"('p', 'u', 's', 't', 'k', 'o', 'l', 'o', 'f', 't')",پوست‌کُلُفت,,,,,False,,
حجت,"('h', 'o', 'j', 'j', 'a', 't')",حُجَّت,,,,,False,,
مقبول,"('m', 'a', 'q', 'b', 'u', 'l')",مَقبول,,,,,False,,
تفننی‌بخش,"('t', 'a', 'f', 'a', 'n', 'n', 'o', 'n', 'i', 'b', 'a', 'x', 'S')",تَفَنُّنی‌بَخش,,,,,False,,
کاردکس,"('k', 'A', 'r', 'd', 'e', 'k', 's')",کاردِکس,,,,,False,,
تردیدآوری,"('t', 'a', 'r', 'd', 'i', 'd', 'A', 'v', 'a', 'r', 'i')",تَردیدآوَری,,,,,False,,
استعلام,"('?', 'e', 's', 't', 'e', '?', 'l', 'A', 'm')",اِستِعلام,,,,,False,,
خیمه‌گاه,"('x', 'e', 'y', 'm', 'e', 'g', 'A', 'h')",خِیمِه‌گاه,,,6,5,False,,
رایانید,"('r', 'A', 'y', 'A', 'n', 'i', 'd')",رایانید,,,,,False,,
شپشو,"('S', 'e', 'p', 'e', 'S', 'u')",شِپِشو,,,,,False,,
ابرستاره,"('?', 'a', 'b', 'a', 'r', 's', 'e', 't', 'A', 'r', 'e')",اَبَرسِتارِه,,,,,False,,
سربزیر,"('s', 'a', 'r', 'b', 'e', 'z', 'i', 'r')",سَربِزیر,,,,,False,,
نفوذ‌ناپذیر,"('n', 'o', 'f', 'u', 'z', 'n', 'A', 'p', 'a', 'z', 'i', 'r')",نُفوذ‌ناپَذیر,,,,,False,,
مراحل,"('m', 'a', 'r', 'A', 'h', 'e', 'l')",مَراحِل,,,,,False,,
استقبال‌کننده,"('?', 'e', 's', 't', 'e', 'q', 'b', 'A', 'l', 'k', 'o', 'n', 'a', 'n', 'd', 'e')",اِستِقبال‌کُنَندِه,,,,,False,,
کژپندارانه,"('k', 'a', 'Z', 'p', 'e', 'n', 'd', 'A', 'r', 'A', 'n', 'e')",کَژپِندارانِه,,,,,False,,
هفت‌امامی,"('h', 'a', 'f', 't', '?', 'e', 'm', 'A', 'm', 'i')",هَفت‌اِمامی,,,,,False,,
مسئولیت‌پذیری,"('m', 'a', 's', '?', 'u', 'l', 'i', 'y', 'y', 'a', 't', 'p', 'a', 'z', 'i', 'r', 'i')",مَسئولیَّت‌پَذیری,,,,,False,,
کعب,"('k', 'a', '?', 'b')",کَعب,,,,,False,,
زنانگی,"('z', 'a', 'n', 'A', 'n', 'e', 'g', 'i')",زَنانِگی,,,,,False,,
با‌وصف,"('b', 'A', 'v', 'a', 's', 'f', 'e')",با‌وَصفِ,,,,,False,,
آسیب‌زننده,"('?', 'A', 's', 'i', 'b', 'z', 'a', 'n', 'a', 'n', 'd', 'e')",آسیب‌زَنَندِه,,,,,False,,
آبخوانداری,"('?', 'A', 'b', 'x', 'A', 'n', 'd', 'A', 'r', 'i')",آبخوانداری,,3,,,False,,
رادیاتور,"('r', 'A', 'd', 'i', 'y', 'A', 't', 'o', 'r')",رادیاتور,6,,5,5,False,,
مدیترانه‌تبار,"('m', 'e', 'd', 'i', 't', 'a', 'r', 'A', 'n', 'e', 't', 'a', 'b', 'A', 'r')",مِدیتَرانِه‌تَبار,,,13,10,False,,
آنچنان,"('?', 'A', 'n', 'C', 'e', 'n', 'A', 'n')",آنچِنان,,,,,False,,
برخاسته,"('b', 'a', 'r', 'x', 'A', 's', 't', 'e')",بَرخاستِه,,,,,False,,
پنیرسازی,"('p', 'a', 'n', 'i', 'r', 's', 'A', 'z', 'i')",پَنیرسازی,,,,,False,,
بختیارزاده,"('b', 'a', 'x', 't', 'i', 'y', 'A', 'r', 'z', 'A', 'd', 'e')",بَختیارزادِه,,,6,5,False,,
پرخاش‌جوئی,"('p', 'a', 'r', 'x', 'A', 'S', 'j', 'u', '?', 'i')",پَرخاش‌جوئی,,,,,False,,
اقتدارعلی,"('?', 'e', 'q', 't', 'e', 'd', 'A', 'r', '?', 'a', 'l', 'i')",اِقتِدارعَلی,,,,,False,,
حرفه‌آموخته,"('h', 'e', 'r', 'f', 'e', '?', 'A', 'm', 'u', 'x', 't', 'e')",حِرفِه‌آموختِه,,,,,False,,
احساس‌برانگیز,"('?', 'e', 'h', 's', 'A', 's', 'b', 'a', 'r', 'a', 'n', 'g', 'i', 'z')",اِحساس‌بَراَنگیز,,,,,False,,
اسماعیل‌نیا,"('?', 'e', 's', 'm', 'A', '?', 'i', 'l', 'n', 'i', 'y', 'A')",اِسماعیل‌نیا,,,11,,False,,
ابوعلی,"('?', 'a', 'b', 'u', '?', 'a', 'l', 'i')",اَبوعَلی,,,,,False,,
صولت,"('s', 'o', 'l', 'a', 't')",صولَت,1,,,,False,,
لترمه,"('l', 'a', 't', 'e', 'r', 'm', 'e')",لَتِرمِه,,,,,False,,
همنهشتی,"('h', 'a', 'm', 'n', 'e', 'h', 'e', 'S', 't', 'i')",هَمنِهِشتی,,,,,False,,
دزیره,"('d', 'e', 'z', 'i', 'r', 'e')",دِزیرِه,,,,,False,,
چاپ‌کننده,"('C', 'A', 'p', 'k', 'o', 'n', 'a', 'n', 'd', 'e')",چاپ‌کُنَندِه,,,,,False,,
به‌شخصه,"('b', 'e', 'S', 'a', 'x', 's', 'e')",بِه‌شَخصِه,,,,,False,,
فریادزنان,"('f', 'a', 'r', 'y', 'A', 'd', 'z', 'a', 'n', 'A', 'n')",فَریادزَنان,,,,,False,,
سراند,"('s', 'o', 'r', 'A', 'n', 'd')",سُراند,,,,,False,,
خشتی,"('x', 'e', 'S', 't', 'i')",خِشتی,,,,,False,,
وراثت‌پذیری,"('v', 'e', 'r', 'A', 's', 'a', 't', 'p', 'a', 'z', 'i', 'r', 'i')",وِراثَت‌پَذیری,,,,,False,,
فیروزکوه,"('f', 'i', 'r', 'u', 'z', 'k', 'u', 'h')",فیروزکوه,,,,,False,,
واشینگتن,"('v', 'A', 'S', 'i', 'n', 'g', 't', 'o', 'n')",واشینگتُن,,,,,False,,
دیرگوار,"('d', 'i', 'r', 'g', 'o', 'v', 'A', 'r')",دیرگوار,,,6,6,False,,
شحنه,"('S', 'e', 'h', 'n', 'e')",شِحنِه,,,,,False,,
وقتی‌که,"('v', 'a', 'q', 't', 'i', 'k', 'e')",وَقتی‌کِه,,,,,False,,
انفجار,"('?', 'e', 'n', 'f', 'e', 'j', 'A', 'r')",اِنفِجار,,,,,False,,
مهابادیان,"('m', 'a', 'h', 'A', 'b', 'A', 'd', 'i', 'y', 'A', 'n')",مَهابادیان,,,9,8,False,,
آریایی,"('?', 'A', 'r', 'y', 'A', 'y', 'i')",آریایی,,,,,True,2,12
مستمری‌بگیر,"('m', 'o', 's', 't', 'a', 'm', 'e', 'r', 'r', 'i', 'b', 'e', 'g', 'i', 'r')",مُستَمِرّی‌بِگیر,,,,,True,2,19
ستم‌بار,"('s', 'e', 't', 'a', 'm', 'b', 'A', 'r')",سِتَم‌بار,,,,,True,2,43
گاورس,"('g', 'A', 'v', 'r', 'a', 's')",گاورَس,,,,,True,2,85
هوشمند,"('h', 'u', 's', 'm', 'a', 'n', 'd')",هوشمَند,,,,,True,2,89
پوزیترون,"('p', 'o', 's', 'i', 't', 'r', 'o', 'n')",پوزیترون,,,,,True,2,112
رویاگونه,"('r', 'o', '?', 'y', 'A', 'g', 'u', 'n', 'e')",رویاگونِه,,,4,4,True,2,113
سفر,"('s', 'e', 'f', 'r')",سِفر,,,,,True,2,121
سهیل,"('s', 'o', 'h', 'e', 'i', 'l')",سُهِیل,,,,,True,2,139
بیخ‌گوشی,"('b', 'i', 'x', 'g', 'u', 'S', 'i')",بیخ‌گوشی,,,,,True,2,142
کاکائو,"('k', 'A', 'k', 'A', '?', 'u')",کاکائو,,,,,True,2,151
قدر,"('q', 'a', 'd', 'r')",قَدر,,,,,True,2,157
خواستگاری,"('x', 'v', 'A', 's', 't', 'g', 'A', 'r', 'i')",خواستگاری,,,,,True,2,162
اکلیل‌کاری,"('?', 'e', 'k', 'l', 'i', 'l', 'k', 'A', 'r', 'i')",اِکلیل‌کاری,,,,,True,2,167
والدین,"('v', 'A', 'l', 'e', 'd', 'e', 'y', 'n')",والِدِین,,,,,True,2,175
آرتروز,"('?', 'A', 'r', 't', 'r', 'o', 'z')",آرتروز,,,,,True,2,218
مترصد,"('m', 'o', 't', 'a', 'r', 'a', 's', 's', 'e', 'd')",مُتَرَصِّد,,,,,True,2,236
کودنی,"('k', 'o', 'd', 'a', 'n', 'i')",کودَنی,,,,,True,2,244
زق,"('z', 'e', 'q')",زِق,,,,,True,2,250
ترشیده,"('t', 'o', 'r', 'S', 'i', 'd', 'a', 'h')",تُرشیدَه,,,,,True,2,254
بخل,"('b', 'e', 'x', 'a', 'l')",بِخَل,,,,,True,2,268
توحید,"('t', 'o', 'h', 'i', 'd')",توحید,,,,,True,2,269
ارسطویی,"('?', 'a', 'r', 'a', 's', 't', 'u', 'y', 'i')",اَرَسطویی,,,,,True,2,271
نارنج,"('n', 'A', 'r', 'e', 'n', 'j')",نارِنج,,,,,True,2,293
اعمال,"('?', 'e', '?', 'm', 'A', 'l')",اِعمال,,,,,True,2,303
گندم,"('g', 'a', 'n', 'd', 'a', 'm')",گَندَم,,,,,True,2,306
استخوان‌دار,"('?', 'o', 's', 't', 'o', 'x', 'A', 'n', 'd', 'A', 'r')",اُستُخوان‌دار,,4,,,True,2,318
تایید,"('t', 'a', '?', 'y', 'i', 'd')",تَایید,,,,,True,2,335
تایید,"('t', 'a', '?', 'i', 'd')",تَایید,,,,,True,3,335
بلشویک,"('b', 'o', 'l', 'S', 'e', 'v', 'i', 'k')",بُلشِویک,,,,,True,2,342
سترد,"('s', 'e', 't', 'o', 'r', 'a', 'd')",سِتُرَد,,,,,True,2,346
سپیدار,"('s', 'a', 'p', 'i', 'd', 'A', 'r')",سَپیدار,,,,,True,2,455
آموزگار,"('?', 'A', 'm', 'u', 'z', 'g', 'A', 'r')",آموزگار,,,,,True,2,478
آزما,"('?', 'A', 'z')",آزما,,,,,True,2,488
ننه,"('n', 'a', 'n', 'e')",نَنِه,,,,,True,2,489
استونی,"('?', 'e', 's', 't', 'u', 'n', 'i')",اِستونی,,,,,True,2,498
کرم,"('k', 'a', 'r', 'a', 'm')",کَرَم,,,,,True,2,502
کرم,"('k', 'o', 'r', 'o', 'm')",کُرُم,,,,,True,3,502
کرم,"('k', 'e', 'r', 'm')",کِرم,,,,,True,4,502
لژیون,"('l', 'e', 'Z', 'i', 'o', 'n')",لِژیون,,,,,True,2,526
گفتگو,"('g', 'o', 'f', 't', 'o', 'g', 'u')",گُفتُگو,,,,,True,2,618
گفتگو,"('g', 'o', 'f', 't', 'e', 'g', 'u')",گُفتِگو,,,,,True,3,618
گفتگو,"('g', 'o', 'f', 't', 'g', 'u')",گُفتگو,,,,,True,4,618
برنده,"('b', 'o', 'r', 'r', 'a', 'n', 'd', 'e')",بُرَّندِه,,,,,True,2,630
ابستروکسیون,"('?', 'o', 'b', 's', 't', 'e', 'r', 'o', 'k', 's', 'i', 'y', 'o', 'n')",اُبستِروکسیون,,,,,True,2,646
کاروان,"('k', 'A', 'r', 'e', 'v', 'A', 'n')",کارِوان,,,,,True,2,653
دوره,"('d', 'o', 'r', 'e')",دورِه,,,,,True,2,681
دوره,"('d', 'o', 'r', 'a')",دورَه,,,,,True,3,681
گلاسنوست,"('g', 'l', 'A', 's', 'n', 'o', 's', 't')",گلاسنوست,,,,,True,2,718
الکتروپمپ,"('?', 'e', 'l', 'e', 'k', 't', 'r', 'o', 'p', 'o', 'm', 'p')",اِلِکتروپُمپ,,,,,True,2,726
عدسی,"('?', 'a', 'd', 'd', 'a', 's', 'i')",عَدَّسی,,,,,True,2,733
انشایی,"('?', 'e', 'n', 'S', 'a', 'i')",اِنشاَیی,,,,,True,2,741
ونزوئلا,"('v', 'e', 'n', 'e', 'z', 'u', 'e', 'l', 'A')",وِنِزِوئلا,,,8,5,True,2,785
توهم,"('t', 'u', 'h', 'a', 'm')",توهَم,,,,,True,2,787
روابط‌عمومی,"('r', 'a', 'v', 'A', 'b', 'e', 't', '?', 'o', 'm', 'u', 'm', 'i')",رَوابِط‌عُمومی,,,,,True,2,806
قومیت,"('q', 'o', 'u', 'm', 'i', 'y', 'y', 'a', 't')",قُومیَّت,,,,,True,2,822
گود,"('g', 'o', 'd')",گود,,,,,True,2,823
پسرخاله,"('p', 'e', 's', 'A', 'r', 'x', 'A', 'l', 'e')",پِسرخالِه,,,3,2,True,2,845
نشست,"('n', 'e', 'S', 'a', 's', 't')",نِشَست,,,,,True,2,852
هری,"('h', 'o', 'r', 'r', 'i')",هُرّی,,,,,True,2,877
آریستوکرات,"('?', 'A', 'r', 'i', 's', 't', 'o', 'k', 'r', 'A', 't')",آریستوکرات,,,,,True,2,943
مقبول,"('m', 'a', 'q', 'a', 'b', 'u', 'l')",مَقَبول,,,,,True,2,950
سراند,"('s', 'o', 'r', 'A', 'n', 'a', 'd')",سُرانَد,,,,,True,2,990
